FromBIC,ToBIC,TimeTakenInMinutes
CICIFRPPXXX,BNPAFRPPXXX,111
BNPAFRPPXXX,CICIFRPPXXX,111
CCBPFRPPXXX,BNPAFRPPXXX,57
BNPAFRPPXXX,CCBPFRPPXXX,57
CRLYFRPPXXX,BNPAFRPPXXX,104
BNPAFRPPXXX,CRLYFRPPXXX,104
AGRIFRPPXXX,BNPAFRPPXXX,106
BNPAFRPPXXX,AGRIFRPPXXX,106
BBVAFRPPXXX,BNPAFRPPXXX,120
BNPAFRPPXXX,BBVAFRPPXXX,120
CMADFRPPXXX,BNPAFRPPXXX,33
BNPAFRPPXXX,CMADFRPPXXX,33
CALDFR21XXX,BNPAFRPPXXX,50
BNPAFRPPXXX,CALDFR21XXX,50
SOGEFRPPXXX,BNPAFRPPXXX,102
BNPAFRPPXXX,SOGEFRPPXXX,102
CITIFRPPXXX,BNPAFRPPXXX,43
BNPAFRPPXXX,CITIFRPPXXX,43
KNABNL2HXXX,BNPAFRPPXXX,160
BNPAFRPPXXX,KNABNL2HXXX,160
MHCBJPJTXXX,BNPAFRPPXXX,146
BNPAFRPPXXX,MHCBJPJTXXX,146
ABNANL2AXXX,BNPAFRPPXXX,173
BNPAFRPPXXX,ABNANL2AXXX,173
DEUTDEBBXXX,BNPAFRPPXXX,126
BNPAFRPPXXX,DEUTDEBBXXX,126
MMTOJPJTXXX,BNPAFRPPXXX,152
BNPAFRPPXXX,MMTOJPJTXXX,152
NATAAU3302S,BNPAFRPPXXX,232
BNPAFRPPXXX,NATAAU3302S,232
BLKBCH22XXX,BNPAFRPPXXX,225
BNPAFRPPXXX,BLKBCH22XXX,225
CRESCHZZXXX,BNPAFRPPXXX,175
BNPAFRPPXXX,CRESCHZZXXX,175
HSBCGB2LXXX,BNPAFRPPXXX,189
BNPAFRPPXXX,HSBCGB2LXXX,189
SBININBBFXD,BNPAFRPPXXX,85
BNPAFRPPXXX,SBININBBFXD,85
ANZBAU3MXXX,BNPAFRPPXXX,169
BNPAFRPPXXX,ANZBAU3MXXX,169
BOTKJPJTXXX,BNPAFRPPXXX,62
BNPAFRPPXXX,BOTKJPJTXXX,62
BARCGB22XXX,BNPAFRPPXXX,103
BNPAFRPPXXX,BARCGB22XXX,103
SMBCJPJTXXX,BNPAFRPPXXX,84
BNPAFRPPXXX,SMBCJPJTXXX,84
CUSCAU2SXXX,BNPAFRPPXXX,205
BNPAFRPPXXX,CUSCAU2SXXX,205
ICICINBBCTS,BNPAFRPPXXX,88
BNPAFRPPXXX,ICICINBBCTS,88
WFBIUS6SXXX,BNPAFRPPXXX,132
BNPAFRPPXXX,WFBIUS6SXXX,132
ABOCCNBJXXX,BNPAFRPPXXX,83
BNPAFRPPXXX,ABOCCNBJXXX,83
BKCHCNBJXXX,BNPAFRPPXXX,79
BNPAFRPPXXX,BKCHCNBJXXX,79
HYVEDEMMXXX,BNPAFRPPXXX,240
BNPAFRPPXXX,HYVEDEMMXXX,240
HELADEF1RRS,BNPAFRPPXXX,99
BNPAFRPPXXX,HELADEF1RRS,99
BOFAUS3NXXX,BNPAFRPPXXX,152
BNPAFRPPXXX,BOFAUS3NXXX,152
BAFUCH22XXX,BNPAFRPPXXX,211
BNPAFRPPXXX,BAFUCH22XXX,211
UTIBINBBXXX,BNPAFRPPXXX,170
BNPAFRPPXXX,UTIBINBBXXX,170
CITIUS33XXX,BNPAFRPPXXX,113
BNPAFRPPXXX,CITIUS33XXX,113
CHASUS33XXX,BNPAFRPPXXX,175
BNPAFRPPXXX,CHASUS33XXX,175
HDFCINBBXXX,BNPAFRPPXXX,154
BNPAFRPPXXX,HDFCINBBXXX,154
UBSWCHZH80A,BNPAFRPPXXX,149
BNPAFRPPXXX,UBSWCHZH80A,149
CCBCCNBJXXX,BNPAFRPPXXX,236
BNPAFRPPXXX,CCBCCNBJXXX,236
RABONL2UXXX,BNPAFRPPXXX,112
BNPAFRPPXXX,RABONL2UXXX,112
RBOSGB2LXXX,BNPAFRPPXXX,199
BNPAFRPPXXX,RBOSGB2LXXX,199
MIDLGB22XXX,BNPAFRPPXXX,155
BNPAFRPPXXX,MIDLGB22XXX,155
COBADEFFXXX,BNPAFRPPXXX,199
BNPAFRPPXXX,COBADEFFXXX,199
WPACAU2SXXX,BNPAFRPPXXX,132
BNPAFRPPXXX,WPACAU2SXXX,132
INGBNL2AXXX,BNPAFRPPXXX,221
BNPAFRPPXXX,INGBNL2AXXX,221
PCBCCNBJXXX,BNPAFRPPXXX,111
BNPAFRPPXXX,PCBCCNBJXXX,111
FVLBNL22XXX,KNABNL2HXXX,52
KNABNL2HXXX,FVLBNL22XXX,52
ABNANL2AXXX,KNABNL2HXXX,107
KNABNL2HXXX,ABNANL2AXXX,107
SNSBNL2AXXX,KNABNL2HXXX,121
KNABNL2HXXX,SNSBNL2AXXX,121
TRIONL2UXXX,KNABNL2HXXX,18
KNABNL2HXXX,TRIONL2UXXX,18
NWABNL2GXXX,KNABNL2HXXX,124
KNABNL2HXXX,NWABNL2GXXX,124
RABONL2UXXX,KNABNL2HXXX,73
KNABNL2HXXX,RABONL2UXXX,73
RBRBNL21XXX,KNABNL2HXXX,20
KNABNL2HXXX,RBRBNL21XXX,20
ASNBNL21XXX,KNABNL2HXXX,33
KNABNL2HXXX,ASNBNL21XXX,33
INGBNL2AXXX,KNABNL2HXXX,90
KNABNL2HXXX,INGBNL2AXXX,90
BNPAFRPPXXX,KNABNL2HXXX,221
KNABNL2HXXX,BNPAFRPPXXX,221
MHCBJPJTXXX,KNABNL2HXXX,123
KNABNL2HXXX,MHCBJPJTXXX,123
DEUTDEBBXXX,KNABNL2HXXX,71
KNABNL2HXXX,DEUTDEBBXXX,71
MMTOJPJTXXX,KNABNL2HXXX,63
KNABNL2HXXX,MMTOJPJTXXX,63
NATAAU3302S,KNABNL2HXXX,142
KNABNL2HXXX,NATAAU3302S,142
BLKBCH22XXX,KNABNL2HXXX,71
KNABNL2HXXX,BLKBCH22XXX,71
CRESCHZZXXX,KNABNL2HXXX,103
KNABNL2HXXX,CRESCHZZXXX,103
CRLYFRPPXXX,KNABNL2HXXX,235
KNABNL2HXXX,CRLYFRPPXXX,235
AGRIFRPPXXX,KNABNL2HXXX,223
KNABNL2HXXX,AGRIFRPPXXX,223
HSBCGB2LXXX,KNABNL2HXXX,214
KNABNL2HXXX,HSBCGB2LXXX,214
SBININBBFXD,KNABNL2HXXX,108
KNABNL2HXXX,SBININBBFXD,108
ANZBAU3MXXX,KNABNL2HXXX,157
KNABNL2HXXX,ANZBAU3MXXX,157
BOTKJPJTXXX,KNABNL2HXXX,127
KNABNL2HXXX,BOTKJPJTXXX,127
BARCGB22XXX,KNABNL2HXXX,197
KNABNL2HXXX,BARCGB22XXX,197
SMBCJPJTXXX,KNABNL2HXXX,152
KNABNL2HXXX,SMBCJPJTXXX,152
CUSCAU2SXXX,KNABNL2HXXX,180
KNABNL2HXXX,CUSCAU2SXXX,180
ICICINBBCTS,KNABNL2HXXX,156
KNABNL2HXXX,ICICINBBCTS,156
WFBIUS6SXXX,KNABNL2HXXX,67
KNABNL2HXXX,WFBIUS6SXXX,67
ABOCCNBJXXX,KNABNL2HXXX,139
KNABNL2HXXX,ABOCCNBJXXX,139
BKCHCNBJXXX,KNABNL2HXXX,228
KNABNL2HXXX,BKCHCNBJXXX,228
HYVEDEMMXXX,KNABNL2HXXX,228
KNABNL2HXXX,HYVEDEMMXXX,228
HELADEF1RRS,KNABNL2HXXX,190
KNABNL2HXXX,HELADEF1RRS,190
BOFAUS3NXXX,KNABNL2HXXX,111
KNABNL2HXXX,BOFAUS3NXXX,111
BAFUCH22XXX,KNABNL2HXXX,193
KNABNL2HXXX,BAFUCH22XXX,193
UTIBINBBXXX,KNABNL2HXXX,175
KNABNL2HXXX,UTIBINBBXXX,175
CITIUS33XXX,KNABNL2HXXX,124
KNABNL2HXXX,CITIUS33XXX,124
CHASUS33XXX,KNABNL2HXXX,184
KNABNL2HXXX,CHASUS33XXX,184
HDFCINBBXXX,KNABNL2HXXX,90
KNABNL2HXXX,HDFCINBBXXX,90
UBSWCHZH80A,KNABNL2HXXX,139
KNABNL2HXXX,UBSWCHZH80A,139
CCBCCNBJXXX,KNABNL2HXXX,219
KNABNL2HXXX,CCBCCNBJXXX,219
RBOSGB2LXXX,KNABNL2HXXX,210
KNABNL2HXXX,RBOSGB2LXXX,210
SOGEFRPPXXX,KNABNL2HXXX,119
KNABNL2HXXX,SOGEFRPPXXX,119
MIDLGB22XXX,KNABNL2HXXX,101
KNABNL2HXXX,MIDLGB22XXX,101
COBADEFFXXX,KNABNL2HXXX,221
KNABNL2HXXX,COBADEFFXXX,221
WPACAU2SXXX,KNABNL2HXXX,123
KNABNL2HXXX,WPACAU2SXXX,123
PCBCCNBJXXX,KNABNL2HXXX,184
KNABNL2HXXX,PCBCCNBJXXX,184
MMTOJPJTXXX,MHCBJPJTXXX,125
MHCBJPJTXXX,MMTOJPJTXXX,125
CHASJPJTXXX,MHCBJPJTXXX,81
MHCBJPJTXXX,CHASJPJTXXX,81
ZENJJPJTXXX,MHCBJPJTXXX,89
MHCBJPJTXXX,ZENJJPJTXXX,89
BOTKJPJTXXX,MHCBJPJTXXX,113
MHCBJPJTXXX,BOTKJPJTXXX,113
ICBKJPJTXXX,MHCBJPJTXXX,63
MHCBJPJTXXX,ICBKJPJTXXX,63
SMBCJPJTXXX,MHCBJPJTXXX,121
MHCBJPJTXXX,SMBCJPJTXXX,121
NACNJPJTXXX,MHCBJPJTXXX,58
MHCBJPJTXXX,NACNJPJTXXX,58
MSKBJPJTXXX,MHCBJPJTXXX,108
MHCBJPJTXXX,MSKBJPJTXXX,108
SNNFJPJTXXX,MHCBJPJTXXX,92
MHCBJPJTXXX,SNNFJPJTXXX,92
BNPAFRPPXXX,MHCBJPJTXXX,224
MHCBJPJTXXX,BNPAFRPPXXX,224
KNABNL2HXXX,MHCBJPJTXXX,147
MHCBJPJTXXX,KNABNL2HXXX,147
ABNANL2AXXX,MHCBJPJTXXX,99
MHCBJPJTXXX,ABNANL2AXXX,99
DEUTDEBBXXX,MHCBJPJTXXX,231
MHCBJPJTXXX,DEUTDEBBXXX,231
NATAAU3302S,MHCBJPJTXXX,226
MHCBJPJTXXX,NATAAU3302S,226
BLKBCH22XXX,MHCBJPJTXXX,86
MHCBJPJTXXX,BLKBCH22XXX,86
CRESCHZZXXX,MHCBJPJTXXX,219
MHCBJPJTXXX,CRESCHZZXXX,219
CRLYFRPPXXX,MHCBJPJTXXX,176
MHCBJPJTXXX,CRLYFRPPXXX,176
AGRIFRPPXXX,MHCBJPJTXXX,138
MHCBJPJTXXX,AGRIFRPPXXX,138
HSBCGB2LXXX,MHCBJPJTXXX,172
MHCBJPJTXXX,HSBCGB2LXXX,172
SBININBBFXD,MHCBJPJTXXX,110
MHCBJPJTXXX,SBININBBFXD,110
ANZBAU3MXXX,MHCBJPJTXXX,202
MHCBJPJTXXX,ANZBAU3MXXX,202
BARCGB22XXX,MHCBJPJTXXX,115
MHCBJPJTXXX,BARCGB22XXX,115
CUSCAU2SXXX,MHCBJPJTXXX,140
MHCBJPJTXXX,CUSCAU2SXXX,140
ICICINBBCTS,MHCBJPJTXXX,100
MHCBJPJTXXX,ICICINBBCTS,100
WFBIUS6SXXX,MHCBJPJTXXX,93
MHCBJPJTXXX,WFBIUS6SXXX,93
ABOCCNBJXXX,MHCBJPJTXXX,109
MHCBJPJTXXX,ABOCCNBJXXX,109
BKCHCNBJXXX,MHCBJPJTXXX,160
MHCBJPJTXXX,BKCHCNBJXXX,160
HYVEDEMMXXX,MHCBJPJTXXX,135
MHCBJPJTXXX,HYVEDEMMXXX,135
HELADEF1RRS,MHCBJPJTXXX,90
MHCBJPJTXXX,HELADEF1RRS,90
BOFAUS3NXXX,MHCBJPJTXXX,224
MHCBJPJTXXX,BOFAUS3NXXX,224
BAFUCH22XXX,MHCBJPJTXXX,78
MHCBJPJTXXX,BAFUCH22XXX,78
UTIBINBBXXX,MHCBJPJTXXX,82
MHCBJPJTXXX,UTIBINBBXXX,82
CITIUS33XXX,MHCBJPJTXXX,149
MHCBJPJTXXX,CITIUS33XXX,149
CHASUS33XXX,MHCBJPJTXXX,197
MHCBJPJTXXX,CHASUS33XXX,197
HDFCINBBXXX,MHCBJPJTXXX,238
MHCBJPJTXXX,HDFCINBBXXX,238
UBSWCHZH80A,MHCBJPJTXXX,229
MHCBJPJTXXX,UBSWCHZH80A,229
CCBCCNBJXXX,MHCBJPJTXXX,183
MHCBJPJTXXX,CCBCCNBJXXX,183
RABONL2UXXX,MHCBJPJTXXX,129
MHCBJPJTXXX,RABONL2UXXX,129
RBOSGB2LXXX,MHCBJPJTXXX,195
MHCBJPJTXXX,RBOSGB2LXXX,195
SOGEFRPPXXX,MHCBJPJTXXX,126
MHCBJPJTXXX,SOGEFRPPXXX,126
MIDLGB22XXX,MHCBJPJTXXX,113
MHCBJPJTXXX,MIDLGB22XXX,113
COBADEFFXXX,MHCBJPJTXXX,102
MHCBJPJTXXX,COBADEFFXXX,102
WPACAU2SXXX,MHCBJPJTXXX,165
MHCBJPJTXXX,WPACAU2SXXX,165
INGBNL2AXXX,MHCBJPJTXXX,104
MHCBJPJTXXX,INGBNL2AXXX,104
PCBCCNBJXXX,MHCBJPJTXXX,87
MHCBJPJTXXX,PCBCCNBJXXX,87
FVLBNL22XXX,ABNANL2AXXX,98
ABNANL2AXXX,FVLBNL22XXX,98
KNABNL2HXXX,ABNANL2AXXX,25
ABNANL2AXXX,KNABNL2HXXX,25
SNSBNL2AXXX,ABNANL2AXXX,106
ABNANL2AXXX,SNSBNL2AXXX,106
TRIONL2UXXX,ABNANL2AXXX,29
ABNANL2AXXX,TRIONL2UXXX,29
NWABNL2GXXX,ABNANL2AXXX,100
ABNANL2AXXX,NWABNL2GXXX,100
RABONL2UXXX,ABNANL2AXXX,19
ABNANL2AXXX,RABONL2UXXX,19
RBRBNL21XXX,ABNANL2AXXX,124
ABNANL2AXXX,RBRBNL21XXX,124
ASNBNL21XXX,ABNANL2AXXX,16
ABNANL2AXXX,ASNBNL21XXX,16
INGBNL2AXXX,ABNANL2AXXX,73
ABNANL2AXXX,INGBNL2AXXX,73
BNPAFRPPXXX,ABNANL2AXXX,91
ABNANL2AXXX,BNPAFRPPXXX,91
MHCBJPJTXXX,ABNANL2AXXX,103
ABNANL2AXXX,MHCBJPJTXXX,103
DEUTDEBBXXX,ABNANL2AXXX,204
ABNANL2AXXX,DEUTDEBBXXX,204
MMTOJPJTXXX,ABNANL2AXXX,192
ABNANL2AXXX,MMTOJPJTXXX,192
NATAAU3302S,ABNANL2AXXX,178
ABNANL2AXXX,NATAAU3302S,178
BLKBCH22XXX,ABNANL2AXXX,235
ABNANL2AXXX,BLKBCH22XXX,235
CRESCHZZXXX,ABNANL2AXXX,175
ABNANL2AXXX,CRESCHZZXXX,175
CRLYFRPPXXX,ABNANL2AXXX,197
ABNANL2AXXX,CRLYFRPPXXX,197
AGRIFRPPXXX,ABNANL2AXXX,76
ABNANL2AXXX,AGRIFRPPXXX,76
HSBCGB2LXXX,ABNANL2AXXX,84
ABNANL2AXXX,HSBCGB2LXXX,84
SBININBBFXD,ABNANL2AXXX,154
ABNANL2AXXX,SBININBBFXD,154
ANZBAU3MXXX,ABNANL2AXXX,74
ABNANL2AXXX,ANZBAU3MXXX,74
BOTKJPJTXXX,ABNANL2AXXX,72
ABNANL2AXXX,BOTKJPJTXXX,72
BARCGB22XXX,ABNANL2AXXX,97
ABNANL2AXXX,BARCGB22XXX,97
SMBCJPJTXXX,ABNANL2AXXX,143
ABNANL2AXXX,SMBCJPJTXXX,143
CUSCAU2SXXX,ABNANL2AXXX,208
ABNANL2AXXX,CUSCAU2SXXX,208
ICICINBBCTS,ABNANL2AXXX,163
ABNANL2AXXX,ICICINBBCTS,163
WFBIUS6SXXX,ABNANL2AXXX,196
ABNANL2AXXX,WFBIUS6SXXX,196
ABOCCNBJXXX,ABNANL2AXXX,69
ABNANL2AXXX,ABOCCNBJXXX,69
BKCHCNBJXXX,ABNANL2AXXX,88
ABNANL2AXXX,BKCHCNBJXXX,88
HYVEDEMMXXX,ABNANL2AXXX,240
ABNANL2AXXX,HYVEDEMMXXX,240
HELADEF1RRS,ABNANL2AXXX,96
ABNANL2AXXX,HELADEF1RRS,96
BOFAUS3NXXX,ABNANL2AXXX,221
ABNANL2AXXX,BOFAUS3NXXX,221
BAFUCH22XXX,ABNANL2AXXX,82
ABNANL2AXXX,BAFUCH22XXX,82
UTIBINBBXXX,ABNANL2AXXX,240
ABNANL2AXXX,UTIBINBBXXX,240
CITIUS33XXX,ABNANL2AXXX,69
ABNANL2AXXX,CITIUS33XXX,69
CHASUS33XXX,ABNANL2AXXX,217
ABNANL2AXXX,CHASUS33XXX,217
HDFCINBBXXX,ABNANL2AXXX,73
ABNANL2AXXX,HDFCINBBXXX,73
UBSWCHZH80A,ABNANL2AXXX,60
ABNANL2AXXX,UBSWCHZH80A,60
CCBCCNBJXXX,ABNANL2AXXX,227
ABNANL2AXXX,CCBCCNBJXXX,227
RBOSGB2LXXX,ABNANL2AXXX,167
ABNANL2AXXX,RBOSGB2LXXX,167
SOGEFRPPXXX,ABNANL2AXXX,92
ABNANL2AXXX,SOGEFRPPXXX,92
MIDLGB22XXX,ABNANL2AXXX,89
ABNANL2AXXX,MIDLGB22XXX,89
COBADEFFXXX,ABNANL2AXXX,130
ABNANL2AXXX,COBADEFFXXX,130
WPACAU2SXXX,ABNANL2AXXX,225
ABNANL2AXXX,WPACAU2SXXX,225
PCBCCNBJXXX,ABNANL2AXXX,208
ABNANL2AXXX,PCBCCNBJXXX,208
RVSADE77XXX,DEUTDEBBXXX,53
DEUTDEBBXXX,RVSADE77XXX,53
MARBDE6LXXX,DEUTDEBBXXX,76
DEUTDEBBXXX,MARBDE6LXXX,76
HYVEDEMMXXX,DEUTDEBBXXX,80
DEUTDEBBXXX,HYVEDEMMXXX,80
HELADEF1RRS,DEUTDEBBXXX,64
DEUTDEBBXXX,HELADEF1RRS,64
DRESDEFFXXX,DEUTDEBBXXX,93
DEUTDEBBXXX,DRESDEFFXXX,93
GENODEFFXXX,DEUTDEBBXXX,22
DEUTDEBBXXX,GENODEFFXXX,22
MALADE51XXX,DEUTDEBBXXX,74
DEUTDEBBXXX,MALADE51XXX,74
COBADEFFXXX,DEUTDEBBXXX,101
DEUTDEBBXXX,COBADEFFXXX,101
INGBDEFFXXX,DEUTDEBBXXX,46
DEUTDEBBXXX,INGBDEFFXXX,46
BNPAFRPPXXX,DEUTDEBBXXX,239
DEUTDEBBXXX,BNPAFRPPXXX,239
KNABNL2HXXX,DEUTDEBBXXX,164
DEUTDEBBXXX,KNABNL2HXXX,164
MHCBJPJTXXX,DEUTDEBBXXX,218
DEUTDEBBXXX,MHCBJPJTXXX,218
ABNANL2AXXX,DEUTDEBBXXX,195
DEUTDEBBXXX,ABNANL2AXXX,195
MMTOJPJTXXX,DEUTDEBBXXX,173
DEUTDEBBXXX,MMTOJPJTXXX,173
NATAAU3302S,DEUTDEBBXXX,66
DEUTDEBBXXX,NATAAU3302S,66
BLKBCH22XXX,DEUTDEBBXXX,195
DEUTDEBBXXX,BLKBCH22XXX,195
CRESCHZZXXX,DEUTDEBBXXX,210
DEUTDEBBXXX,CRESCHZZXXX,210
CRLYFRPPXXX,DEUTDEBBXXX,227
DEUTDEBBXXX,CRLYFRPPXXX,227
AGRIFRPPXXX,DEUTDEBBXXX,218
DEUTDEBBXXX,AGRIFRPPXXX,218
HSBCGB2LXXX,DEUTDEBBXXX,210
DEUTDEBBXXX,HSBCGB2LXXX,210
SBININBBFXD,DEUTDEBBXXX,237
DEUTDEBBXXX,SBININBBFXD,237
ANZBAU3MXXX,DEUTDEBBXXX,194
DEUTDEBBXXX,ANZBAU3MXXX,194
BOTKJPJTXXX,DEUTDEBBXXX,223
DEUTDEBBXXX,BOTKJPJTXXX,223
BARCGB22XXX,DEUTDEBBXXX,238
DEUTDEBBXXX,BARCGB22XXX,238
SMBCJPJTXXX,DEUTDEBBXXX,180
DEUTDEBBXXX,SMBCJPJTXXX,180
CUSCAU2SXXX,DEUTDEBBXXX,150
DEUTDEBBXXX,CUSCAU2SXXX,150
ICICINBBCTS,DEUTDEBBXXX,89
DEUTDEBBXXX,ICICINBBCTS,89
WFBIUS6SXXX,DEUTDEBBXXX,210
DEUTDEBBXXX,WFBIUS6SXXX,210
ABOCCNBJXXX,DEUTDEBBXXX,220
DEUTDEBBXXX,ABOCCNBJXXX,220
BKCHCNBJXXX,DEUTDEBBXXX,73
DEUTDEBBXXX,BKCHCNBJXXX,73
BOFAUS3NXXX,DEUTDEBBXXX,177
DEUTDEBBXXX,BOFAUS3NXXX,177
BAFUCH22XXX,DEUTDEBBXXX,104
DEUTDEBBXXX,BAFUCH22XXX,104
UTIBINBBXXX,DEUTDEBBXXX,173
DEUTDEBBXXX,UTIBINBBXXX,173
CITIUS33XXX,DEUTDEBBXXX,101
DEUTDEBBXXX,CITIUS33XXX,101
CHASUS33XXX,DEUTDEBBXXX,186
DEUTDEBBXXX,CHASUS33XXX,186
HDFCINBBXXX,DEUTDEBBXXX,117
DEUTDEBBXXX,HDFCINBBXXX,117
UBSWCHZH80A,DEUTDEBBXXX,119
DEUTDEBBXXX,UBSWCHZH80A,119
CCBCCNBJXXX,DEUTDEBBXXX,101
DEUTDEBBXXX,CCBCCNBJXXX,101
RABONL2UXXX,DEUTDEBBXXX,73
DEUTDEBBXXX,RABONL2UXXX,73
RBOSGB2LXXX,DEUTDEBBXXX,174
DEUTDEBBXXX,RBOSGB2LXXX,174
SOGEFRPPXXX,DEUTDEBBXXX,100
DEUTDEBBXXX,SOGEFRPPXXX,100
MIDLGB22XXX,DEUTDEBBXXX,177
DEUTDEBBXXX,MIDLGB22XXX,177
WPACAU2SXXX,DEUTDEBBXXX,152
DEUTDEBBXXX,WPACAU2SXXX,152
INGBNL2AXXX,DEUTDEBBXXX,235
DEUTDEBBXXX,INGBNL2AXXX,235
PCBCCNBJXXX,DEUTDEBBXXX,110
DEUTDEBBXXX,PCBCCNBJXXX,110
MHCBJPJTXXX,MMTOJPJTXXX,76
MMTOJPJTXXX,MHCBJPJTXXX,76
CHASJPJTXXX,MMTOJPJTXXX,97
MMTOJPJTXXX,CHASJPJTXXX,97
ZENJJPJTXXX,MMTOJPJTXXX,23
MMTOJPJTXXX,ZENJJPJTXXX,23
BOTKJPJTXXX,MMTOJPJTXXX,67
MMTOJPJTXXX,BOTKJPJTXXX,67
ICBKJPJTXXX,MMTOJPJTXXX,81
MMTOJPJTXXX,ICBKJPJTXXX,81
SMBCJPJTXXX,MMTOJPJTXXX,124
MMTOJPJTXXX,SMBCJPJTXXX,124
NACNJPJTXXX,MMTOJPJTXXX,64
MMTOJPJTXXX,NACNJPJTXXX,64
MSKBJPJTXXX,MMTOJPJTXXX,50
MMTOJPJTXXX,MSKBJPJTXXX,50
SNNFJPJTXXX,MMTOJPJTXXX,112
MMTOJPJTXXX,SNNFJPJTXXX,112
BNPAFRPPXXX,MMTOJPJTXXX,138
MMTOJPJTXXX,BNPAFRPPXXX,138
KNABNL2HXXX,MMTOJPJTXXX,60
MMTOJPJTXXX,KNABNL2HXXX,60
ABNANL2AXXX,MMTOJPJTXXX,122
MMTOJPJTXXX,ABNANL2AXXX,122
DEUTDEBBXXX,MMTOJPJTXXX,168
MMTOJPJTXXX,DEUTDEBBXXX,168
NATAAU3302S,MMTOJPJTXXX,210
MMTOJPJTXXX,NATAAU3302S,210
BLKBCH22XXX,MMTOJPJTXXX,102
MMTOJPJTXXX,BLKBCH22XXX,102
CRESCHZZXXX,MMTOJPJTXXX,182
MMTOJPJTXXX,CRESCHZZXXX,182
CRLYFRPPXXX,MMTOJPJTXXX,147
MMTOJPJTXXX,CRLYFRPPXXX,147
AGRIFRPPXXX,MMTOJPJTXXX,147
MMTOJPJTXXX,AGRIFRPPXXX,147
HSBCGB2LXXX,MMTOJPJTXXX,115
MMTOJPJTXXX,HSBCGB2LXXX,115
SBININBBFXD,MMTOJPJTXXX,188
MMTOJPJTXXX,SBININBBFXD,188
ANZBAU3MXXX,MMTOJPJTXXX,93
MMTOJPJTXXX,ANZBAU3MXXX,93
BARCGB22XXX,MMTOJPJTXXX,172
MMTOJPJTXXX,BARCGB22XXX,172
CUSCAU2SXXX,MMTOJPJTXXX,67
MMTOJPJTXXX,CUSCAU2SXXX,67
ICICINBBCTS,MMTOJPJTXXX,134
MMTOJPJTXXX,ICICINBBCTS,134
WFBIUS6SXXX,MMTOJPJTXXX,185
MMTOJPJTXXX,WFBIUS6SXXX,185
ABOCCNBJXXX,MMTOJPJTXXX,181
MMTOJPJTXXX,ABOCCNBJXXX,181
BKCHCNBJXXX,MMTOJPJTXXX,175
MMTOJPJTXXX,BKCHCNBJXXX,175
HYVEDEMMXXX,MMTOJPJTXXX,122
MMTOJPJTXXX,HYVEDEMMXXX,122
HELADEF1RRS,MMTOJPJTXXX,93
MMTOJPJTXXX,HELADEF1RRS,93
BOFAUS3NXXX,MMTOJPJTXXX,170
MMTOJPJTXXX,BOFAUS3NXXX,170
BAFUCH22XXX,MMTOJPJTXXX,173
MMTOJPJTXXX,BAFUCH22XXX,173
UTIBINBBXXX,MMTOJPJTXXX,192
MMTOJPJTXXX,UTIBINBBXXX,192
CITIUS33XXX,MMTOJPJTXXX,119
MMTOJPJTXXX,CITIUS33XXX,119
CHASUS33XXX,MMTOJPJTXXX,194
MMTOJPJTXXX,CHASUS33XXX,194
HDFCINBBXXX,MMTOJPJTXXX,96
MMTOJPJTXXX,HDFCINBBXXX,96
UBSWCHZH80A,MMTOJPJTXXX,226
MMTOJPJTXXX,UBSWCHZH80A,226
CCBCCNBJXXX,MMTOJPJTXXX,183
MMTOJPJTXXX,CCBCCNBJXXX,183
RABONL2UXXX,MMTOJPJTXXX,178
MMTOJPJTXXX,RABONL2UXXX,178
RBOSGB2LXXX,MMTOJPJTXXX,106
MMTOJPJTXXX,RBOSGB2LXXX,106
SOGEFRPPXXX,MMTOJPJTXXX,156
MMTOJPJTXXX,SOGEFRPPXXX,156
MIDLGB22XXX,MMTOJPJTXXX,75
MMTOJPJTXXX,MIDLGB22XXX,75
COBADEFFXXX,MMTOJPJTXXX,107
MMTOJPJTXXX,COBADEFFXXX,107
WPACAU2SXXX,MMTOJPJTXXX,218
MMTOJPJTXXX,WPACAU2SXXX,218
INGBNL2AXXX,MMTOJPJTXXX,184
MMTOJPJTXXX,INGBNL2AXXX,184
PCBCCNBJXXX,MMTOJPJTXXX,76
MMTOJPJTXXX,PCBCCNBJXXX,76
BENDAU3BXXX,NATAAU3302S,23
NATAAU3302S,BENDAU3BXXX,23
SGBLAU2SXXX,NATAAU3302S,53
NATAAU3302S,SGBLAU2SXXX,53
RBOSAU2SXXX,NATAAU3302S,79
NATAAU3302S,RBOSAU2SXXX,79
ANZBAU3MXXX,NATAAU3302S,81
NATAAU3302S,ANZBAU3MXXX,81
CUSCAU2SXXX,NATAAU3302S,90
NATAAU3302S,CUSCAU2SXXX,90
HSBCAU2SXXX,NATAAU3302S,44
NATAAU3302S,HSBCAU2SXXX,44
QSNWAU4BXXX,NATAAU3302S,103
NATAAU3302S,QSNWAU4BXXX,103
BKWAAU4SXXX,NATAAU3302S,44
NATAAU3302S,BKWAAU4SXXX,44
WPACAU2SXXX,NATAAU3302S,49
NATAAU3302S,WPACAU2SXXX,49
BNPAFRPPXXX,NATAAU3302S,94
NATAAU3302S,BNPAFRPPXXX,94
KNABNL2HXXX,NATAAU3302S,238
NATAAU3302S,KNABNL2HXXX,238
MHCBJPJTXXX,NATAAU3302S,60
NATAAU3302S,MHCBJPJTXXX,60
ABNANL2AXXX,NATAAU3302S,209
NATAAU3302S,ABNANL2AXXX,209
DEUTDEBBXXX,NATAAU3302S,119
NATAAU3302S,DEUTDEBBXXX,119
MMTOJPJTXXX,NATAAU3302S,94
NATAAU3302S,MMTOJPJTXXX,94
BLKBCH22XXX,NATAAU3302S,139
NATAAU3302S,BLKBCH22XXX,139
CRESCHZZXXX,NATAAU3302S,233
NATAAU3302S,CRESCHZZXXX,233
CRLYFRPPXXX,NATAAU3302S,226
NATAAU3302S,CRLYFRPPXXX,226
AGRIFRPPXXX,NATAAU3302S,198
NATAAU3302S,AGRIFRPPXXX,198
HSBCGB2LXXX,NATAAU3302S,186
NATAAU3302S,HSBCGB2LXXX,186
SBININBBFXD,NATAAU3302S,81
NATAAU3302S,SBININBBFXD,81
BOTKJPJTXXX,NATAAU3302S,184
NATAAU3302S,BOTKJPJTXXX,184
BARCGB22XXX,NATAAU3302S,129
NATAAU3302S,BARCGB22XXX,129
SMBCJPJTXXX,NATAAU3302S,200
NATAAU3302S,SMBCJPJTXXX,200
ICICINBBCTS,NATAAU3302S,230
NATAAU3302S,ICICINBBCTS,230
WFBIUS6SXXX,NATAAU3302S,225
NATAAU3302S,WFBIUS6SXXX,225
ABOCCNBJXXX,NATAAU3302S,216
NATAAU3302S,ABOCCNBJXXX,216
BKCHCNBJXXX,NATAAU3302S,96
NATAAU3302S,BKCHCNBJXXX,96
HYVEDEMMXXX,NATAAU3302S,203
NATAAU3302S,HYVEDEMMXXX,203
HELADEF1RRS,NATAAU3302S,159
NATAAU3302S,HELADEF1RRS,159
BOFAUS3NXXX,NATAAU3302S,113
NATAAU3302S,BOFAUS3NXXX,113
BAFUCH22XXX,NATAAU3302S,223
NATAAU3302S,BAFUCH22XXX,223
UTIBINBBXXX,NATAAU3302S,224
NATAAU3302S,UTIBINBBXXX,224
CITIUS33XXX,NATAAU3302S,218
NATAAU3302S,CITIUS33XXX,218
CHASUS33XXX,NATAAU3302S,150
NATAAU3302S,CHASUS33XXX,150
HDFCINBBXXX,NATAAU3302S,164
NATAAU3302S,HDFCINBBXXX,164
UBSWCHZH80A,NATAAU3302S,89
NATAAU3302S,UBSWCHZH80A,89
CCBCCNBJXXX,NATAAU3302S,109
NATAAU3302S,CCBCCNBJXXX,109
RABONL2UXXX,NATAAU3302S,216
NATAAU3302S,RABONL2UXXX,216
RBOSGB2LXXX,NATAAU3302S,149
NATAAU3302S,RBOSGB2LXXX,149
SOGEFRPPXXX,NATAAU3302S,143
NATAAU3302S,SOGEFRPPXXX,143
MIDLGB22XXX,NATAAU3302S,213
NATAAU3302S,MIDLGB22XXX,213
COBADEFFXXX,NATAAU3302S,149
NATAAU3302S,COBADEFFXXX,149
INGBNL2AXXX,NATAAU3302S,112
NATAAU3302S,INGBNL2AXXX,112
PCBCCNBJXXX,NATAAU3302S,92
NATAAU3302S,PCBCCNBJXXX,92
RABOCHGGXXX,BLKBCH22XXX,92
BLKBCH22XXX,RABOCHGGXXX,92
CRESCHZZXXX,BLKBCH22XXX,98
BLKBCH22XXX,CRESCHZZXXX,98
BCVACH2LXXX,BLKBCH22XXX,26
BLKBCH22XXX,BCVACH2LXXX,26
BCVSCH2LXXX,BLKBCH22XXX,82
BLKBCH22XXX,BCVSCH2LXXX,82
BAFUCH22XXX,BLKBCH22XXX,69
BLKBCH22XXX,BAFUCH22XXX,69
UBSWCHZH80A,BLKBCH22XXX,111
BLKBCH22XXX,UBSWCHZH80A,111
ABBECHZZXXX,BLKBCH22XXX,97
BLKBCH22XXX,ABBECHZZXXX,97
BNPAFRPPXXX,BLKBCH22XXX,92
BLKBCH22XXX,BNPAFRPPXXX,92
KNABNL2HXXX,BLKBCH22XXX,100
BLKBCH22XXX,KNABNL2HXXX,100
MHCBJPJTXXX,BLKBCH22XXX,150
BLKBCH22XXX,MHCBJPJTXXX,150
ABNANL2AXXX,BLKBCH22XXX,81
BLKBCH22XXX,ABNANL2AXXX,81
DEUTDEBBXXX,BLKBCH22XXX,85
BLKBCH22XXX,DEUTDEBBXXX,85
MMTOJPJTXXX,BLKBCH22XXX,125
BLKBCH22XXX,MMTOJPJTXXX,125
NATAAU3302S,BLKBCH22XXX,118
BLKBCH22XXX,NATAAU3302S,118
CRLYFRPPXXX,BLKBCH22XXX,228
BLKBCH22XXX,CRLYFRPPXXX,228
AGRIFRPPXXX,BLKBCH22XXX,224
BLKBCH22XXX,AGRIFRPPXXX,224
HSBCGB2LXXX,BLKBCH22XXX,172
BLKBCH22XXX,HSBCGB2LXXX,172
SBININBBFXD,BLKBCH22XXX,211
BLKBCH22XXX,SBININBBFXD,211
ANZBAU3MXXX,BLKBCH22XXX,208
BLKBCH22XXX,ANZBAU3MXXX,208
BOTKJPJTXXX,BLKBCH22XXX,149
BLKBCH22XXX,BOTKJPJTXXX,149
BARCGB22XXX,BLKBCH22XXX,120
BLKBCH22XXX,BARCGB22XXX,120
SMBCJPJTXXX,BLKBCH22XXX,131
BLKBCH22XXX,SMBCJPJTXXX,131
CUSCAU2SXXX,BLKBCH22XXX,179
BLKBCH22XXX,CUSCAU2SXXX,179
ICICINBBCTS,BLKBCH22XXX,170
BLKBCH22XXX,ICICINBBCTS,170
WFBIUS6SXXX,BLKBCH22XXX,106
BLKBCH22XXX,WFBIUS6SXXX,106
ABOCCNBJXXX,BLKBCH22XXX,87
BLKBCH22XXX,ABOCCNBJXXX,87
BKCHCNBJXXX,BLKBCH22XXX,73
BLKBCH22XXX,BKCHCNBJXXX,73
HYVEDEMMXXX,BLKBCH22XXX,79
BLKBCH22XXX,HYVEDEMMXXX,79
HELADEF1RRS,BLKBCH22XXX,177
BLKBCH22XXX,HELADEF1RRS,177
BOFAUS3NXXX,BLKBCH22XXX,125
BLKBCH22XXX,BOFAUS3NXXX,125
UTIBINBBXXX,BLKBCH22XXX,112
BLKBCH22XXX,UTIBINBBXXX,112
CITIUS33XXX,BLKBCH22XXX,119
BLKBCH22XXX,CITIUS33XXX,119
CHASUS33XXX,BLKBCH22XXX,76
BLKBCH22XXX,CHASUS33XXX,76
HDFCINBBXXX,BLKBCH22XXX,137
BLKBCH22XXX,HDFCINBBXXX,137
CCBCCNBJXXX,BLKBCH22XXX,229
BLKBCH22XXX,CCBCCNBJXXX,229
RABONL2UXXX,BLKBCH22XXX,165
BLKBCH22XXX,RABONL2UXXX,165
RBOSGB2LXXX,BLKBCH22XXX,108
BLKBCH22XXX,RBOSGB2LXXX,108
SOGEFRPPXXX,BLKBCH22XXX,179
BLKBCH22XXX,SOGEFRPPXXX,179
MIDLGB22XXX,BLKBCH22XXX,197
BLKBCH22XXX,MIDLGB22XXX,197
COBADEFFXXX,BLKBCH22XXX,148
BLKBCH22XXX,COBADEFFXXX,148
WPACAU2SXXX,BLKBCH22XXX,88
BLKBCH22XXX,WPACAU2SXXX,88
INGBNL2AXXX,BLKBCH22XXX,219
BLKBCH22XXX,INGBNL2AXXX,219
PCBCCNBJXXX,BLKBCH22XXX,173
BLKBCH22XXX,PCBCCNBJXXX,173
RABOCHGGXXX,CRESCHZZXXX,72
CRESCHZZXXX,RABOCHGGXXX,72
BLKBCH22XXX,CRESCHZZXXX,35
CRESCHZZXXX,BLKBCH22XXX,35
BCVACH2LXXX,CRESCHZZXXX,77
CRESCHZZXXX,BCVACH2LXXX,77
BCVSCH2LXXX,CRESCHZZXXX,61
CRESCHZZXXX,BCVSCH2LXXX,61
BAFUCH22XXX,CRESCHZZXXX,110
CRESCHZZXXX,BAFUCH22XXX,110
UBSWCHZH80A,CRESCHZZXXX,57
CRESCHZZXXX,UBSWCHZH80A,57
ABBECHZZXXX,CRESCHZZXXX,39
CRESCHZZXXX,ABBECHZZXXX,39
BNPAFRPPXXX,CRESCHZZXXX,119
CRESCHZZXXX,BNPAFRPPXXX,119
KNABNL2HXXX,CRESCHZZXXX,192
CRESCHZZXXX,KNABNL2HXXX,192
MHCBJPJTXXX,CRESCHZZXXX,175
CRESCHZZXXX,MHCBJPJTXXX,175
ABNANL2AXXX,CRESCHZZXXX,238
CRESCHZZXXX,ABNANL2AXXX,238
DEUTDEBBXXX,CRESCHZZXXX,121
CRESCHZZXXX,DEUTDEBBXXX,121
MMTOJPJTXXX,CRESCHZZXXX,222
CRESCHZZXXX,MMTOJPJTXXX,222
NATAAU3302S,CRESCHZZXXX,84
CRESCHZZXXX,NATAAU3302S,84
CRLYFRPPXXX,CRESCHZZXXX,134
CRESCHZZXXX,CRLYFRPPXXX,134
AGRIFRPPXXX,CRESCHZZXXX,60
CRESCHZZXXX,AGRIFRPPXXX,60
HSBCGB2LXXX,CRESCHZZXXX,201
CRESCHZZXXX,HSBCGB2LXXX,201
SBININBBFXD,CRESCHZZXXX,200
CRESCHZZXXX,SBININBBFXD,200
ANZBAU3MXXX,CRESCHZZXXX,113
CRESCHZZXXX,ANZBAU3MXXX,113
BOTKJPJTXXX,CRESCHZZXXX,80
CRESCHZZXXX,BOTKJPJTXXX,80
BARCGB22XXX,CRESCHZZXXX,216
CRESCHZZXXX,BARCGB22XXX,216
SMBCJPJTXXX,CRESCHZZXXX,190
CRESCHZZXXX,SMBCJPJTXXX,190
CUSCAU2SXXX,CRESCHZZXXX,68
CRESCHZZXXX,CUSCAU2SXXX,68
ICICINBBCTS,CRESCHZZXXX,141
CRESCHZZXXX,ICICINBBCTS,141
WFBIUS6SXXX,CRESCHZZXXX,238
CRESCHZZXXX,WFBIUS6SXXX,238
ABOCCNBJXXX,CRESCHZZXXX,188
CRESCHZZXXX,ABOCCNBJXXX,188
BKCHCNBJXXX,CRESCHZZXXX,98
CRESCHZZXXX,BKCHCNBJXXX,98
HYVEDEMMXXX,CRESCHZZXXX,145
CRESCHZZXXX,HYVEDEMMXXX,145
HELADEF1RRS,CRESCHZZXXX,216
CRESCHZZXXX,HELADEF1RRS,216
BOFAUS3NXXX,CRESCHZZXXX,76
CRESCHZZXXX,BOFAUS3NXXX,76
UTIBINBBXXX,CRESCHZZXXX,78
CRESCHZZXXX,UTIBINBBXXX,78
CITIUS33XXX,CRESCHZZXXX,129
CRESCHZZXXX,CITIUS33XXX,129
CHASUS33XXX,CRESCHZZXXX,114
CRESCHZZXXX,CHASUS33XXX,114
HDFCINBBXXX,CRESCHZZXXX,178
CRESCHZZXXX,HDFCINBBXXX,178
CCBCCNBJXXX,CRESCHZZXXX,206
CRESCHZZXXX,CCBCCNBJXXX,206
RABONL2UXXX,CRESCHZZXXX,83
CRESCHZZXXX,RABONL2UXXX,83
RBOSGB2LXXX,CRESCHZZXXX,69
CRESCHZZXXX,RBOSGB2LXXX,69
SOGEFRPPXXX,CRESCHZZXXX,69
CRESCHZZXXX,SOGEFRPPXXX,69
MIDLGB22XXX,CRESCHZZXXX,142
CRESCHZZXXX,MIDLGB22XXX,142
COBADEFFXXX,CRESCHZZXXX,201
CRESCHZZXXX,COBADEFFXXX,201
WPACAU2SXXX,CRESCHZZXXX,185
CRESCHZZXXX,WPACAU2SXXX,185
INGBNL2AXXX,CRESCHZZXXX,140
CRESCHZZXXX,INGBNL2AXXX,140
PCBCCNBJXXX,CRESCHZZXXX,81
CRESCHZZXXX,PCBCCNBJXXX,81
BNPAFRPPXXX,CRLYFRPPXXX,81
CRLYFRPPXXX,BNPAFRPPXXX,81
CICIFRPPXXX,CRLYFRPPXXX,80
CRLYFRPPXXX,CICIFRPPXXX,80
CCBPFRPPXXX,CRLYFRPPXXX,74
CRLYFRPPXXX,CCBPFRPPXXX,74
AGRIFRPPXXX,CRLYFRPPXXX,82
CRLYFRPPXXX,AGRIFRPPXXX,82
BBVAFRPPXXX,CRLYFRPPXXX,53
CRLYFRPPXXX,BBVAFRPPXXX,53
CMADFRPPXXX,CRLYFRPPXXX,46
CRLYFRPPXXX,CMADFRPPXXX,46
CALDFR21XXX,CRLYFRPPXXX,117
CRLYFRPPXXX,CALDFR21XXX,117
SOGEFRPPXXX,CRLYFRPPXXX,67
CRLYFRPPXXX,SOGEFRPPXXX,67
CITIFRPPXXX,CRLYFRPPXXX,30
CRLYFRPPXXX,CITIFRPPXXX,30
KNABNL2HXXX,CRLYFRPPXXX,170
CRLYFRPPXXX,KNABNL2HXXX,170
MHCBJPJTXXX,CRLYFRPPXXX,155
CRLYFRPPXXX,MHCBJPJTXXX,155
ABNANL2AXXX,CRLYFRPPXXX,172
CRLYFRPPXXX,ABNANL2AXXX,172
DEUTDEBBXXX,CRLYFRPPXXX,167
CRLYFRPPXXX,DEUTDEBBXXX,167
MMTOJPJTXXX,CRLYFRPPXXX,102
CRLYFRPPXXX,MMTOJPJTXXX,102
NATAAU3302S,CRLYFRPPXXX,210
CRLYFRPPXXX,NATAAU3302S,210
BLKBCH22XXX,CRLYFRPPXXX,72
CRLYFRPPXXX,BLKBCH22XXX,72
CRESCHZZXXX,CRLYFRPPXXX,77
CRLYFRPPXXX,CRESCHZZXXX,77
HSBCGB2LXXX,CRLYFRPPXXX,227
CRLYFRPPXXX,HSBCGB2LXXX,227
SBININBBFXD,CRLYFRPPXXX,90
CRLYFRPPXXX,SBININBBFXD,90
ANZBAU3MXXX,CRLYFRPPXXX,147
CRLYFRPPXXX,ANZBAU3MXXX,147
BOTKJPJTXXX,CRLYFRPPXXX,100
CRLYFRPPXXX,BOTKJPJTXXX,100
BARCGB22XXX,CRLYFRPPXXX,209
CRLYFRPPXXX,BARCGB22XXX,209
SMBCJPJTXXX,CRLYFRPPXXX,112
CRLYFRPPXXX,SMBCJPJTXXX,112
CUSCAU2SXXX,CRLYFRPPXXX,124
CRLYFRPPXXX,CUSCAU2SXXX,124
ICICINBBCTS,CRLYFRPPXXX,218
CRLYFRPPXXX,ICICINBBCTS,218
WFBIUS6SXXX,CRLYFRPPXXX,122
CRLYFRPPXXX,WFBIUS6SXXX,122
ABOCCNBJXXX,CRLYFRPPXXX,207
CRLYFRPPXXX,ABOCCNBJXXX,207
BKCHCNBJXXX,CRLYFRPPXXX,179
CRLYFRPPXXX,BKCHCNBJXXX,179
HYVEDEMMXXX,CRLYFRPPXXX,66
CRLYFRPPXXX,HYVEDEMMXXX,66
HELADEF1RRS,CRLYFRPPXXX,106
CRLYFRPPXXX,HELADEF1RRS,106
BOFAUS3NXXX,CRLYFRPPXXX,200
CRLYFRPPXXX,BOFAUS3NXXX,200
BAFUCH22XXX,CRLYFRPPXXX,173
CRLYFRPPXXX,BAFUCH22XXX,173
UTIBINBBXXX,CRLYFRPPXXX,211
CRLYFRPPXXX,UTIBINBBXXX,211
CITIUS33XXX,CRLYFRPPXXX,115
CRLYFRPPXXX,CITIUS33XXX,115
CHASUS33XXX,CRLYFRPPXXX,100
CRLYFRPPXXX,CHASUS33XXX,100
HDFCINBBXXX,CRLYFRPPXXX,95
CRLYFRPPXXX,HDFCINBBXXX,95
UBSWCHZH80A,CRLYFRPPXXX,170
CRLYFRPPXXX,UBSWCHZH80A,170
CCBCCNBJXXX,CRLYFRPPXXX,79
CRLYFRPPXXX,CCBCCNBJXXX,79
RABONL2UXXX,CRLYFRPPXXX,182
CRLYFRPPXXX,RABONL2UXXX,182
RBOSGB2LXXX,CRLYFRPPXXX,201
CRLYFRPPXXX,RBOSGB2LXXX,201
MIDLGB22XXX,CRLYFRPPXXX,190
CRLYFRPPXXX,MIDLGB22XXX,190
COBADEFFXXX,CRLYFRPPXXX,96
CRLYFRPPXXX,COBADEFFXXX,96
WPACAU2SXXX,CRLYFRPPXXX,132
CRLYFRPPXXX,WPACAU2SXXX,132
INGBNL2AXXX,CRLYFRPPXXX,117
CRLYFRPPXXX,INGBNL2AXXX,117
PCBCCNBJXXX,CRLYFRPPXXX,138
CRLYFRPPXXX,PCBCCNBJXXX,138
BNPAFRPPXXX,AGRIFRPPXXX,37
AGRIFRPPXXX,BNPAFRPPXXX,37
CICIFRPPXXX,AGRIFRPPXXX,56
AGRIFRPPXXX,CICIFRPPXXX,56
CCBPFRPPXXX,AGRIFRPPXXX,74
AGRIFRPPXXX,CCBPFRPPXXX,74
CRLYFRPPXXX,AGRIFRPPXXX,28
AGRIFRPPXXX,CRLYFRPPXXX,28
BBVAFRPPXXX,AGRIFRPPXXX,77
AGRIFRPPXXX,BBVAFRPPXXX,77
CMADFRPPXXX,AGRIFRPPXXX,11
AGRIFRPPXXX,CMADFRPPXXX,11
CALDFR21XXX,AGRIFRPPXXX,56
AGRIFRPPXXX,CALDFR21XXX,56
SOGEFRPPXXX,AGRIFRPPXXX,56
AGRIFRPPXXX,SOGEFRPPXXX,56
CITIFRPPXXX,AGRIFRPPXXX,46
AGRIFRPPXXX,CITIFRPPXXX,46
KNABNL2HXXX,AGRIFRPPXXX,193
AGRIFRPPXXX,KNABNL2HXXX,193
MHCBJPJTXXX,AGRIFRPPXXX,107
AGRIFRPPXXX,MHCBJPJTXXX,107
ABNANL2AXXX,AGRIFRPPXXX,177
AGRIFRPPXXX,ABNANL2AXXX,177
DEUTDEBBXXX,AGRIFRPPXXX,159
AGRIFRPPXXX,DEUTDEBBXXX,159
MMTOJPJTXXX,AGRIFRPPXXX,226
AGRIFRPPXXX,MMTOJPJTXXX,226
NATAAU3302S,AGRIFRPPXXX,184
AGRIFRPPXXX,NATAAU3302S,184
BLKBCH22XXX,AGRIFRPPXXX,206
AGRIFRPPXXX,BLKBCH22XXX,206
CRESCHZZXXX,AGRIFRPPXXX,186
AGRIFRPPXXX,CRESCHZZXXX,186
HSBCGB2LXXX,AGRIFRPPXXX,116
AGRIFRPPXXX,HSBCGB2LXXX,116
SBININBBFXD,AGRIFRPPXXX,176
AGRIFRPPXXX,SBININBBFXD,176
ANZBAU3MXXX,AGRIFRPPXXX,61
AGRIFRPPXXX,ANZBAU3MXXX,61
BOTKJPJTXXX,AGRIFRPPXXX,156
AGRIFRPPXXX,BOTKJPJTXXX,156
BARCGB22XXX,AGRIFRPPXXX,212
AGRIFRPPXXX,BARCGB22XXX,212
SMBCJPJTXXX,AGRIFRPPXXX,171
AGRIFRPPXXX,SMBCJPJTXXX,171
CUSCAU2SXXX,AGRIFRPPXXX,176
AGRIFRPPXXX,CUSCAU2SXXX,176
ICICINBBCTS,AGRIFRPPXXX,153
AGRIFRPPXXX,ICICINBBCTS,153
WFBIUS6SXXX,AGRIFRPPXXX,132
AGRIFRPPXXX,WFBIUS6SXXX,132
ABOCCNBJXXX,AGRIFRPPXXX,125
AGRIFRPPXXX,ABOCCNBJXXX,125
BKCHCNBJXXX,AGRIFRPPXXX,190
AGRIFRPPXXX,BKCHCNBJXXX,190
HYVEDEMMXXX,AGRIFRPPXXX,205
AGRIFRPPXXX,HYVEDEMMXXX,205
HELADEF1RRS,AGRIFRPPXXX,182
AGRIFRPPXXX,HELADEF1RRS,182
BOFAUS3NXXX,AGRIFRPPXXX,87
AGRIFRPPXXX,BOFAUS3NXXX,87
BAFUCH22XXX,AGRIFRPPXXX,65
AGRIFRPPXXX,BAFUCH22XXX,65
UTIBINBBXXX,AGRIFRPPXXX,71
AGRIFRPPXXX,UTIBINBBXXX,71
CITIUS33XXX,AGRIFRPPXXX,184
AGRIFRPPXXX,CITIUS33XXX,184
CHASUS33XXX,AGRIFRPPXXX,93
AGRIFRPPXXX,CHASUS33XXX,93
HDFCINBBXXX,AGRIFRPPXXX,172
AGRIFRPPXXX,HDFCINBBXXX,172
UBSWCHZH80A,AGRIFRPPXXX,186
AGRIFRPPXXX,UBSWCHZH80A,186
CCBCCNBJXXX,AGRIFRPPXXX,162
AGRIFRPPXXX,CCBCCNBJXXX,162
RABONL2UXXX,AGRIFRPPXXX,60
AGRIFRPPXXX,RABONL2UXXX,60
RBOSGB2LXXX,AGRIFRPPXXX,61
AGRIFRPPXXX,RBOSGB2LXXX,61
MIDLGB22XXX,AGRIFRPPXXX,115
AGRIFRPPXXX,MIDLGB22XXX,115
COBADEFFXXX,AGRIFRPPXXX,107
AGRIFRPPXXX,COBADEFFXXX,107
WPACAU2SXXX,AGRIFRPPXXX,178
AGRIFRPPXXX,WPACAU2SXXX,178
INGBNL2AXXX,AGRIFRPPXXX,215
AGRIFRPPXXX,INGBNL2AXXX,215
PCBCCNBJXXX,AGRIFRPPXXX,92
AGRIFRPPXXX,PCBCCNBJXXX,92
BNPAGB22XXX,HSBCGB2LXXX,51
HSBCGB2LXXX,BNPAGB22XXX,51
SCBLGB2LXXX,HSBCGB2LXXX,90
HSBCGB2LXXX,SCBLGB2LXXX,90
AGRNGB2LXXX,HSBCGB2LXXX,116
HSBCGB2LXXX,AGRNGB2LXXX,116
LLOYGB2LXXX,HSBCGB2LXXX,89
HSBCGB2LXXX,LLOYGB2LXXX,89
BARCGB22XXX,HSBCGB2LXXX,47
HSBCGB2LXXX,BARCGB22XXX,47
NWBKGB2LXXX,HSBCGB2LXXX,117
HSBCGB2LXXX,NWBKGB2LXXX,117
RBOSGB2LXXX,HSBCGB2LXXX,32
HSBCGB2LXXX,RBOSGB2LXXX,32
MIDLGB22XXX,HSBCGB2LXXX,29
HSBCGB2LXXX,MIDLGB22XXX,29
JPMCGB2LXXX,HSBCGB2LXXX,70
HSBCGB2LXXX,JPMCGB2LXXX,70
BNPAFRPPXXX,HSBCGB2LXXX,210
HSBCGB2LXXX,BNPAFRPPXXX,210
KNABNL2HXXX,HSBCGB2LXXX,182
HSBCGB2LXXX,KNABNL2HXXX,182
MHCBJPJTXXX,HSBCGB2LXXX,223
HSBCGB2LXXX,MHCBJPJTXXX,223
ABNANL2AXXX,HSBCGB2LXXX,94
HSBCGB2LXXX,ABNANL2AXXX,94
DEUTDEBBXXX,HSBCGB2LXXX,131
HSBCGB2LXXX,DEUTDEBBXXX,131
MMTOJPJTXXX,HSBCGB2LXXX,187
HSBCGB2LXXX,MMTOJPJTXXX,187
NATAAU3302S,HSBCGB2LXXX,217
HSBCGB2LXXX,NATAAU3302S,217
BLKBCH22XXX,HSBCGB2LXXX,159
HSBCGB2LXXX,BLKBCH22XXX,159
CRESCHZZXXX,HSBCGB2LXXX,193
HSBCGB2LXXX,CRESCHZZXXX,193
CRLYFRPPXXX,HSBCGB2LXXX,228
HSBCGB2LXXX,CRLYFRPPXXX,228
AGRIFRPPXXX,HSBCGB2LXXX,102
HSBCGB2LXXX,AGRIFRPPXXX,102
SBININBBFXD,HSBCGB2LXXX,227
HSBCGB2LXXX,SBININBBFXD,227
ANZBAU3MXXX,HSBCGB2LXXX,159
HSBCGB2LXXX,ANZBAU3MXXX,159
BOTKJPJTXXX,HSBCGB2LXXX,228
HSBCGB2LXXX,BOTKJPJTXXX,228
SMBCJPJTXXX,HSBCGB2LXXX,149
HSBCGB2LXXX,SMBCJPJTXXX,149
CUSCAU2SXXX,HSBCGB2LXXX,160
HSBCGB2LXXX,CUSCAU2SXXX,160
ICICINBBCTS,HSBCGB2LXXX,229
HSBCGB2LXXX,ICICINBBCTS,229
WFBIUS6SXXX,HSBCGB2LXXX,204
HSBCGB2LXXX,WFBIUS6SXXX,204
ABOCCNBJXXX,HSBCGB2LXXX,207
HSBCGB2LXXX,ABOCCNBJXXX,207
BKCHCNBJXXX,HSBCGB2LXXX,167
HSBCGB2LXXX,BKCHCNBJXXX,167
HYVEDEMMXXX,HSBCGB2LXXX,178
HSBCGB2LXXX,HYVEDEMMXXX,178
HELADEF1RRS,HSBCGB2LXXX,240
HSBCGB2LXXX,HELADEF1RRS,240
BOFAUS3NXXX,HSBCGB2LXXX,229
HSBCGB2LXXX,BOFAUS3NXXX,229
BAFUCH22XXX,HSBCGB2LXXX,118
HSBCGB2LXXX,BAFUCH22XXX,118
UTIBINBBXXX,HSBCGB2LXXX,218
HSBCGB2LXXX,UTIBINBBXXX,218
CITIUS33XXX,HSBCGB2LXXX,166
HSBCGB2LXXX,CITIUS33XXX,166
CHASUS33XXX,HSBCGB2LXXX,175
HSBCGB2LXXX,CHASUS33XXX,175
HDFCINBBXXX,HSBCGB2LXXX,197
HSBCGB2LXXX,HDFCINBBXXX,197
UBSWCHZH80A,HSBCGB2LXXX,200
HSBCGB2LXXX,UBSWCHZH80A,200
CCBCCNBJXXX,HSBCGB2LXXX,203
HSBCGB2LXXX,CCBCCNBJXXX,203
RABONL2UXXX,HSBCGB2LXXX,107
HSBCGB2LXXX,RABONL2UXXX,107
SOGEFRPPXXX,HSBCGB2LXXX,169
HSBCGB2LXXX,SOGEFRPPXXX,169
COBADEFFXXX,HSBCGB2LXXX,145
HSBCGB2LXXX,COBADEFFXXX,145
WPACAU2SXXX,HSBCGB2LXXX,90
HSBCGB2LXXX,WPACAU2SXXX,90
INGBNL2AXXX,HSBCGB2LXXX,203
HSBCGB2LXXX,INGBNL2AXXX,203
PCBCCNBJXXX,HSBCGB2LXXX,216
HSBCGB2LXXX,PCBCCNBJXXX,216
ADDBINBBXXX,SBININBBFXD,115
SBININBBFXD,ADDBINBBXXX,115
KKBKINBBXXX,SBININBBFXD,90
SBININBBFXD,KKBKINBBXXX,90
INDBINBBBBI,SBININBBFXD,59
SBININBBFXD,INDBINBBBBI,59
ICICINBBCTS,SBININBBFXD,84
SBININBBFXD,ICICINBBCTS,84
CORPINBBXXX,SBININBBFXD,82
SBININBBFXD,CORPINBBXXX,82
UTIBINBBTCP,SBININBBFXD,88
SBININBBFXD,UTIBINBBTCP,88
UTIBINBBXXX,SBININBBFXD,75
SBININBBFXD,UTIBINBBXXX,75
HDFCINBBXXX,SBININBBFXD,27
SBININBBFXD,HDFCINBBXXX,27
IDIBINBBTSY,SBININBBFXD,80
SBININBBFXD,IDIBINBBTSY,80
BNPAFRPPXXX,SBININBBFXD,65
SBININBBFXD,BNPAFRPPXXX,65
KNABNL2HXXX,SBININBBFXD,186
SBININBBFXD,KNABNL2HXXX,186
MHCBJPJTXXX,SBININBBFXD,153
SBININBBFXD,MHCBJPJTXXX,153
ABNANL2AXXX,SBININBBFXD,210
SBININBBFXD,ABNANL2AXXX,210
DEUTDEBBXXX,SBININBBFXD,153
SBININBBFXD,DEUTDEBBXXX,153
MMTOJPJTXXX,SBININBBFXD,80
SBININBBFXD,MMTOJPJTXXX,80
NATAAU3302S,SBININBBFXD,148
SBININBBFXD,NATAAU3302S,148
BLKBCH22XXX,SBININBBFXD,152
SBININBBFXD,BLKBCH22XXX,152
CRESCHZZXXX,SBININBBFXD,68
SBININBBFXD,CRESCHZZXXX,68
CRLYFRPPXXX,SBININBBFXD,207
SBININBBFXD,CRLYFRPPXXX,207
AGRIFRPPXXX,SBININBBFXD,129
SBININBBFXD,AGRIFRPPXXX,129
HSBCGB2LXXX,SBININBBFXD,175
SBININBBFXD,HSBCGB2LXXX,175
ANZBAU3MXXX,SBININBBFXD,141
SBININBBFXD,ANZBAU3MXXX,141
BOTKJPJTXXX,SBININBBFXD,86
SBININBBFXD,BOTKJPJTXXX,86
BARCGB22XXX,SBININBBFXD,134
SBININBBFXD,BARCGB22XXX,134
SMBCJPJTXXX,SBININBBFXD,104
SBININBBFXD,SMBCJPJTXXX,104
CUSCAU2SXXX,SBININBBFXD,133
SBININBBFXD,CUSCAU2SXXX,133
WFBIUS6SXXX,SBININBBFXD,63
SBININBBFXD,WFBIUS6SXXX,63
ABOCCNBJXXX,SBININBBFXD,189
SBININBBFXD,ABOCCNBJXXX,189
BKCHCNBJXXX,SBININBBFXD,163
SBININBBFXD,BKCHCNBJXXX,163
HYVEDEMMXXX,SBININBBFXD,207
SBININBBFXD,HYVEDEMMXXX,207
HELADEF1RRS,SBININBBFXD,165
SBININBBFXD,HELADEF1RRS,165
BOFAUS3NXXX,SBININBBFXD,140
SBININBBFXD,BOFAUS3NXXX,140
BAFUCH22XXX,SBININBBFXD,146
SBININBBFXD,BAFUCH22XXX,146
CITIUS33XXX,SBININBBFXD,240
SBININBBFXD,CITIUS33XXX,240
CHASUS33XXX,SBININBBFXD,70
SBININBBFXD,CHASUS33XXX,70
UBSWCHZH80A,SBININBBFXD,73
SBININBBFXD,UBSWCHZH80A,73
CCBCCNBJXXX,SBININBBFXD,175
SBININBBFXD,CCBCCNBJXXX,175
RABONL2UXXX,SBININBBFXD,168
SBININBBFXD,RABONL2UXXX,168
RBOSGB2LXXX,SBININBBFXD,100
SBININBBFXD,RBOSGB2LXXX,100
SOGEFRPPXXX,SBININBBFXD,99
SBININBBFXD,SOGEFRPPXXX,99
MIDLGB22XXX,SBININBBFXD,174
SBININBBFXD,MIDLGB22XXX,174
COBADEFFXXX,SBININBBFXD,227
SBININBBFXD,COBADEFFXXX,227
WPACAU2SXXX,SBININBBFXD,193
SBININBBFXD,WPACAU2SXXX,193
INGBNL2AXXX,SBININBBFXD,143
SBININBBFXD,INGBNL2AXXX,143
PCBCCNBJXXX,SBININBBFXD,139
SBININBBFXD,PCBCCNBJXXX,139
BENDAU3BXXX,ANZBAU3MXXX,112
ANZBAU3MXXX,BENDAU3BXXX,112
SGBLAU2SXXX,ANZBAU3MXXX,125
ANZBAU3MXXX,SGBLAU2SXXX,125
RBOSAU2SXXX,ANZBAU3MXXX,124
ANZBAU3MXXX,RBOSAU2SXXX,124
NATAAU3302S,ANZBAU3MXXX,118
ANZBAU3MXXX,NATAAU3302S,118
CUSCAU2SXXX,ANZBAU3MXXX,102
ANZBAU3MXXX,CUSCAU2SXXX,102
HSBCAU2SXXX,ANZBAU3MXXX,50
ANZBAU3MXXX,HSBCAU2SXXX,50
QSNWAU4BXXX,ANZBAU3MXXX,74
ANZBAU3MXXX,QSNWAU4BXXX,74
BKWAAU4SXXX,ANZBAU3MXXX,36
ANZBAU3MXXX,BKWAAU4SXXX,36
WPACAU2SXXX,ANZBAU3MXXX,67
ANZBAU3MXXX,WPACAU2SXXX,67
BNPAFRPPXXX,ANZBAU3MXXX,231
ANZBAU3MXXX,BNPAFRPPXXX,231
KNABNL2HXXX,ANZBAU3MXXX,144
ANZBAU3MXXX,KNABNL2HXXX,144
MHCBJPJTXXX,ANZBAU3MXXX,220
ANZBAU3MXXX,MHCBJPJTXXX,220
ABNANL2AXXX,ANZBAU3MXXX,235
ANZBAU3MXXX,ABNANL2AXXX,235
DEUTDEBBXXX,ANZBAU3MXXX,93
ANZBAU3MXXX,DEUTDEBBXXX,93
MMTOJPJTXXX,ANZBAU3MXXX,142
ANZBAU3MXXX,MMTOJPJTXXX,142
BLKBCH22XXX,ANZBAU3MXXX,201
ANZBAU3MXXX,BLKBCH22XXX,201
CRESCHZZXXX,ANZBAU3MXXX,198
ANZBAU3MXXX,CRESCHZZXXX,198
CRLYFRPPXXX,ANZBAU3MXXX,223
ANZBAU3MXXX,CRLYFRPPXXX,223
AGRIFRPPXXX,ANZBAU3MXXX,106
ANZBAU3MXXX,AGRIFRPPXXX,106
HSBCGB2LXXX,ANZBAU3MXXX,197
ANZBAU3MXXX,HSBCGB2LXXX,197
SBININBBFXD,ANZBAU3MXXX,234
ANZBAU3MXXX,SBININBBFXD,234
BOTKJPJTXXX,ANZBAU3MXXX,120
ANZBAU3MXXX,BOTKJPJTXXX,120
BARCGB22XXX,ANZBAU3MXXX,132
ANZBAU3MXXX,BARCGB22XXX,132
SMBCJPJTXXX,ANZBAU3MXXX,161
ANZBAU3MXXX,SMBCJPJTXXX,161
ICICINBBCTS,ANZBAU3MXXX,160
ANZBAU3MXXX,ICICINBBCTS,160
WFBIUS6SXXX,ANZBAU3MXXX,172
ANZBAU3MXXX,WFBIUS6SXXX,172
ABOCCNBJXXX,ANZBAU3MXXX,94
ANZBAU3MXXX,ABOCCNBJXXX,94
BKCHCNBJXXX,ANZBAU3MXXX,146
ANZBAU3MXXX,BKCHCNBJXXX,146
HYVEDEMMXXX,ANZBAU3MXXX,125
ANZBAU3MXXX,HYVEDEMMXXX,125
HELADEF1RRS,ANZBAU3MXXX,178
ANZBAU3MXXX,HELADEF1RRS,178
BOFAUS3NXXX,ANZBAU3MXXX,225
ANZBAU3MXXX,BOFAUS3NXXX,225
BAFUCH22XXX,ANZBAU3MXXX,98
ANZBAU3MXXX,BAFUCH22XXX,98
UTIBINBBXXX,ANZBAU3MXXX,169
ANZBAU3MXXX,UTIBINBBXXX,169
CITIUS33XXX,ANZBAU3MXXX,216
ANZBAU3MXXX,CITIUS33XXX,216
CHASUS33XXX,ANZBAU3MXXX,79
ANZBAU3MXXX,CHASUS33XXX,79
HDFCINBBXXX,ANZBAU3MXXX,127
ANZBAU3MXXX,HDFCINBBXXX,127
UBSWCHZH80A,ANZBAU3MXXX,96
ANZBAU3MXXX,UBSWCHZH80A,96
CCBCCNBJXXX,ANZBAU3MXXX,177
ANZBAU3MXXX,CCBCCNBJXXX,177
RABONL2UXXX,ANZBAU3MXXX,167
ANZBAU3MXXX,RABONL2UXXX,167
RBOSGB2LXXX,ANZBAU3MXXX,182
ANZBAU3MXXX,RBOSGB2LXXX,182
SOGEFRPPXXX,ANZBAU3MXXX,167
ANZBAU3MXXX,SOGEFRPPXXX,167
MIDLGB22XXX,ANZBAU3MXXX,70
ANZBAU3MXXX,MIDLGB22XXX,70
COBADEFFXXX,ANZBAU3MXXX,161
ANZBAU3MXXX,COBADEFFXXX,161
INGBNL2AXXX,ANZBAU3MXXX,162
ANZBAU3MXXX,INGBNL2AXXX,162
PCBCCNBJXXX,ANZBAU3MXXX,103
ANZBAU3MXXX,PCBCCNBJXXX,103
MHCBJPJTXXX,BOTKJPJTXXX,12
BOTKJPJTXXX,MHCBJPJTXXX,12
MMTOJPJTXXX,BOTKJPJTXXX,51
BOTKJPJTXXX,MMTOJPJTXXX,51
CHASJPJTXXX,BOTKJPJTXXX,11
BOTKJPJTXXX,CHASJPJTXXX,11
ZENJJPJTXXX,BOTKJPJTXXX,121
BOTKJPJTXXX,ZENJJPJTXXX,121
ICBKJPJTXXX,BOTKJPJTXXX,82
BOTKJPJTXXX,ICBKJPJTXXX,82
SMBCJPJTXXX,BOTKJPJTXXX,103
BOTKJPJTXXX,SMBCJPJTXXX,103
NACNJPJTXXX,BOTKJPJTXXX,117
BOTKJPJTXXX,NACNJPJTXXX,117
MSKBJPJTXXX,BOTKJPJTXXX,122
BOTKJPJTXXX,MSKBJPJTXXX,122
SNNFJPJTXXX,BOTKJPJTXXX,30
BOTKJPJTXXX,SNNFJPJTXXX,30
BNPAFRPPXXX,BOTKJPJTXXX,141
BOTKJPJTXXX,BNPAFRPPXXX,141
KNABNL2HXXX,BOTKJPJTXXX,148
BOTKJPJTXXX,KNABNL2HXXX,148
ABNANL2AXXX,BOTKJPJTXXX,203
BOTKJPJTXXX,ABNANL2AXXX,203
DEUTDEBBXXX,BOTKJPJTXXX,175
BOTKJPJTXXX,DEUTDEBBXXX,175
NATAAU3302S,BOTKJPJTXXX,234
BOTKJPJTXXX,NATAAU3302S,234
BLKBCH22XXX,BOTKJPJTXXX,88
BOTKJPJTXXX,BLKBCH22XXX,88
CRESCHZZXXX,BOTKJPJTXXX,113
BOTKJPJTXXX,CRESCHZZXXX,113
CRLYFRPPXXX,BOTKJPJTXXX,219
BOTKJPJTXXX,CRLYFRPPXXX,219
AGRIFRPPXXX,BOTKJPJTXXX,126
BOTKJPJTXXX,AGRIFRPPXXX,126
HSBCGB2LXXX,BOTKJPJTXXX,222
BOTKJPJTXXX,HSBCGB2LXXX,222
SBININBBFXD,BOTKJPJTXXX,195
BOTKJPJTXXX,SBININBBFXD,195
ANZBAU3MXXX,BOTKJPJTXXX,146
BOTKJPJTXXX,ANZBAU3MXXX,146
BARCGB22XXX,BOTKJPJTXXX,109
BOTKJPJTXXX,BARCGB22XXX,109
CUSCAU2SXXX,BOTKJPJTXXX,231
BOTKJPJTXXX,CUSCAU2SXXX,231
ICICINBBCTS,BOTKJPJTXXX,82
BOTKJPJTXXX,ICICINBBCTS,82
WFBIUS6SXXX,BOTKJPJTXXX,216
BOTKJPJTXXX,WFBIUS6SXXX,216
ABOCCNBJXXX,BOTKJPJTXXX,172
BOTKJPJTXXX,ABOCCNBJXXX,172
BKCHCNBJXXX,BOTKJPJTXXX,190
BOTKJPJTXXX,BKCHCNBJXXX,190
HYVEDEMMXXX,BOTKJPJTXXX,227
BOTKJPJTXXX,HYVEDEMMXXX,227
HELADEF1RRS,BOTKJPJTXXX,93
BOTKJPJTXXX,HELADEF1RRS,93
BOFAUS3NXXX,BOTKJPJTXXX,111
BOTKJPJTXXX,BOFAUS3NXXX,111
BAFUCH22XXX,BOTKJPJTXXX,90
BOTKJPJTXXX,BAFUCH22XXX,90
UTIBINBBXXX,BOTKJPJTXXX,96
BOTKJPJTXXX,UTIBINBBXXX,96
CITIUS33XXX,BOTKJPJTXXX,173
BOTKJPJTXXX,CITIUS33XXX,173
CHASUS33XXX,BOTKJPJTXXX,91
BOTKJPJTXXX,CHASUS33XXX,91
HDFCINBBXXX,BOTKJPJTXXX,82
BOTKJPJTXXX,HDFCINBBXXX,82
UBSWCHZH80A,BOTKJPJTXXX,101
BOTKJPJTXXX,UBSWCHZH80A,101
CCBCCNBJXXX,BOTKJPJTXXX,231
BOTKJPJTXXX,CCBCCNBJXXX,231
RABONL2UXXX,BOTKJPJTXXX,62
BOTKJPJTXXX,RABONL2UXXX,62
RBOSGB2LXXX,BOTKJPJTXXX,89
BOTKJPJTXXX,RBOSGB2LXXX,89
SOGEFRPPXXX,BOTKJPJTXXX,81
BOTKJPJTXXX,SOGEFRPPXXX,81
MIDLGB22XXX,BOTKJPJTXXX,143
BOTKJPJTXXX,MIDLGB22XXX,143
COBADEFFXXX,BOTKJPJTXXX,177
BOTKJPJTXXX,COBADEFFXXX,177
WPACAU2SXXX,BOTKJPJTXXX,225
BOTKJPJTXXX,WPACAU2SXXX,225
INGBNL2AXXX,BOTKJPJTXXX,78
BOTKJPJTXXX,INGBNL2AXXX,78
PCBCCNBJXXX,BOTKJPJTXXX,171
BOTKJPJTXXX,PCBCCNBJXXX,171
BNPAGB22XXX,BARCGB22XXX,18
BARCGB22XXX,BNPAGB22XXX,18
SCBLGB2LXXX,BARCGB22XXX,57
BARCGB22XXX,SCBLGB2LXXX,57
HSBCGB2LXXX,BARCGB22XXX,70
BARCGB22XXX,HSBCGB2LXXX,70
AGRNGB2LXXX,BARCGB22XXX,62
BARCGB22XXX,AGRNGB2LXXX,62
LLOYGB2LXXX,BARCGB22XXX,45
BARCGB22XXX,LLOYGB2LXXX,45
NWBKGB2LXXX,BARCGB22XXX,39
BARCGB22XXX,NWBKGB2LXXX,39
RBOSGB2LXXX,BARCGB22XXX,120
BARCGB22XXX,RBOSGB2LXXX,120
MIDLGB22XXX,BARCGB22XXX,78
BARCGB22XXX,MIDLGB22XXX,78
JPMCGB2LXXX,BARCGB22XXX,33
BARCGB22XXX,JPMCGB2LXXX,33
BNPAFRPPXXX,BARCGB22XXX,66
BARCGB22XXX,BNPAFRPPXXX,66
KNABNL2HXXX,BARCGB22XXX,138
BARCGB22XXX,KNABNL2HXXX,138
MHCBJPJTXXX,BARCGB22XXX,207
BARCGB22XXX,MHCBJPJTXXX,207
ABNANL2AXXX,BARCGB22XXX,196
BARCGB22XXX,ABNANL2AXXX,196
DEUTDEBBXXX,BARCGB22XXX,124
BARCGB22XXX,DEUTDEBBXXX,124
MMTOJPJTXXX,BARCGB22XXX,240
BARCGB22XXX,MMTOJPJTXXX,240
NATAAU3302S,BARCGB22XXX,66
BARCGB22XXX,NATAAU3302S,66
BLKBCH22XXX,BARCGB22XXX,154
BARCGB22XXX,BLKBCH22XXX,154
CRESCHZZXXX,BARCGB22XXX,96
BARCGB22XXX,CRESCHZZXXX,96
CRLYFRPPXXX,BARCGB22XXX,179
BARCGB22XXX,CRLYFRPPXXX,179
AGRIFRPPXXX,BARCGB22XXX,186
BARCGB22XXX,AGRIFRPPXXX,186
SBININBBFXD,BARCGB22XXX,119
BARCGB22XXX,SBININBBFXD,119
ANZBAU3MXXX,BARCGB22XXX,220
BARCGB22XXX,ANZBAU3MXXX,220
BOTKJPJTXXX,BARCGB22XXX,177
BARCGB22XXX,BOTKJPJTXXX,177
SMBCJPJTXXX,BARCGB22XXX,121
BARCGB22XXX,SMBCJPJTXXX,121
CUSCAU2SXXX,BARCGB22XXX,69
BARCGB22XXX,CUSCAU2SXXX,69
ICICINBBCTS,BARCGB22XXX,198
BARCGB22XXX,ICICINBBCTS,198
WFBIUS6SXXX,BARCGB22XXX,205
BARCGB22XXX,WFBIUS6SXXX,205
ABOCCNBJXXX,BARCGB22XXX,186
BARCGB22XXX,ABOCCNBJXXX,186
BKCHCNBJXXX,BARCGB22XXX,183
BARCGB22XXX,BKCHCNBJXXX,183
HYVEDEMMXXX,BARCGB22XXX,223
BARCGB22XXX,HYVEDEMMXXX,223
HELADEF1RRS,BARCGB22XXX,116
BARCGB22XXX,HELADEF1RRS,116
BOFAUS3NXXX,BARCGB22XXX,196
BARCGB22XXX,BOFAUS3NXXX,196
BAFUCH22XXX,BARCGB22XXX,113
BARCGB22XXX,BAFUCH22XXX,113
UTIBINBBXXX,BARCGB22XXX,206
BARCGB22XXX,UTIBINBBXXX,206
CITIUS33XXX,BARCGB22XXX,94
BARCGB22XXX,CITIUS33XXX,94
CHASUS33XXX,BARCGB22XXX,166
BARCGB22XXX,CHASUS33XXX,166
HDFCINBBXXX,BARCGB22XXX,69
BARCGB22XXX,HDFCINBBXXX,69
UBSWCHZH80A,BARCGB22XXX,78
BARCGB22XXX,UBSWCHZH80A,78
CCBCCNBJXXX,BARCGB22XXX,88
BARCGB22XXX,CCBCCNBJXXX,88
RABONL2UXXX,BARCGB22XXX,104
BARCGB22XXX,RABONL2UXXX,104
SOGEFRPPXXX,BARCGB22XXX,84
BARCGB22XXX,SOGEFRPPXXX,84
COBADEFFXXX,BARCGB22XXX,166
BARCGB22XXX,COBADEFFXXX,166
WPACAU2SXXX,BARCGB22XXX,70
BARCGB22XXX,WPACAU2SXXX,70
INGBNL2AXXX,BARCGB22XXX,221
BARCGB22XXX,INGBNL2AXXX,221
PCBCCNBJXXX,BARCGB22XXX,231
BARCGB22XXX,PCBCCNBJXXX,231
MHCBJPJTXXX,SMBCJPJTXXX,16
SMBCJPJTXXX,MHCBJPJTXXX,16
MMTOJPJTXXX,SMBCJPJTXXX,121
SMBCJPJTXXX,MMTOJPJTXXX,121
CHASJPJTXXX,SMBCJPJTXXX,66
SMBCJPJTXXX,CHASJPJTXXX,66
ZENJJPJTXXX,SMBCJPJTXXX,41
SMBCJPJTXXX,ZENJJPJTXXX,41
BOTKJPJTXXX,SMBCJPJTXXX,81
SMBCJPJTXXX,BOTKJPJTXXX,81
ICBKJPJTXXX,SMBCJPJTXXX,30
SMBCJPJTXXX,ICBKJPJTXXX,30
NACNJPJTXXX,SMBCJPJTXXX,80
SMBCJPJTXXX,NACNJPJTXXX,80
MSKBJPJTXXX,SMBCJPJTXXX,67
SMBCJPJTXXX,MSKBJPJTXXX,67
SNNFJPJTXXX,SMBCJPJTXXX,108
SMBCJPJTXXX,SNNFJPJTXXX,108
BNPAFRPPXXX,SMBCJPJTXXX,227
SMBCJPJTXXX,BNPAFRPPXXX,227
KNABNL2HXXX,SMBCJPJTXXX,155
SMBCJPJTXXX,KNABNL2HXXX,155
ABNANL2AXXX,SMBCJPJTXXX,165
SMBCJPJTXXX,ABNANL2AXXX,165
DEUTDEBBXXX,SMBCJPJTXXX,192
SMBCJPJTXXX,DEUTDEBBXXX,192
NATAAU3302S,SMBCJPJTXXX,100
SMBCJPJTXXX,NATAAU3302S,100
BLKBCH22XXX,SMBCJPJTXXX,107
SMBCJPJTXXX,BLKBCH22XXX,107
CRESCHZZXXX,SMBCJPJTXXX,174
SMBCJPJTXXX,CRESCHZZXXX,174
CRLYFRPPXXX,SMBCJPJTXXX,157
SMBCJPJTXXX,CRLYFRPPXXX,157
AGRIFRPPXXX,SMBCJPJTXXX,63
SMBCJPJTXXX,AGRIFRPPXXX,63
HSBCGB2LXXX,SMBCJPJTXXX,228
SMBCJPJTXXX,HSBCGB2LXXX,228
SBININBBFXD,SMBCJPJTXXX,122
SMBCJPJTXXX,SBININBBFXD,122
ANZBAU3MXXX,SMBCJPJTXXX,97
SMBCJPJTXXX,ANZBAU3MXXX,97
BARCGB22XXX,SMBCJPJTXXX,154
SMBCJPJTXXX,BARCGB22XXX,154
CUSCAU2SXXX,SMBCJPJTXXX,132
SMBCJPJTXXX,CUSCAU2SXXX,132
ICICINBBCTS,SMBCJPJTXXX,115
SMBCJPJTXXX,ICICINBBCTS,115
WFBIUS6SXXX,SMBCJPJTXXX,183
SMBCJPJTXXX,WFBIUS6SXXX,183
ABOCCNBJXXX,SMBCJPJTXXX,176
SMBCJPJTXXX,ABOCCNBJXXX,176
BKCHCNBJXXX,SMBCJPJTXXX,140
SMBCJPJTXXX,BKCHCNBJXXX,140
HYVEDEMMXXX,SMBCJPJTXXX,108
SMBCJPJTXXX,HYVEDEMMXXX,108
HELADEF1RRS,SMBCJPJTXXX,187
SMBCJPJTXXX,HELADEF1RRS,187
BOFAUS3NXXX,SMBCJPJTXXX,120
SMBCJPJTXXX,BOFAUS3NXXX,120
BAFUCH22XXX,SMBCJPJTXXX,98
SMBCJPJTXXX,BAFUCH22XXX,98
UTIBINBBXXX,SMBCJPJTXXX,197
SMBCJPJTXXX,UTIBINBBXXX,197
CITIUS33XXX,SMBCJPJTXXX,106
SMBCJPJTXXX,CITIUS33XXX,106
CHASUS33XXX,SMBCJPJTXXX,183
SMBCJPJTXXX,CHASUS33XXX,183
HDFCINBBXXX,SMBCJPJTXXX,62
SMBCJPJTXXX,HDFCINBBXXX,62
UBSWCHZH80A,SMBCJPJTXXX,212
SMBCJPJTXXX,UBSWCHZH80A,212
CCBCCNBJXXX,SMBCJPJTXXX,214
SMBCJPJTXXX,CCBCCNBJXXX,214
RABONL2UXXX,SMBCJPJTXXX,168
SMBCJPJTXXX,RABONL2UXXX,168
RBOSGB2LXXX,SMBCJPJTXXX,118
SMBCJPJTXXX,RBOSGB2LXXX,118
SOGEFRPPXXX,SMBCJPJTXXX,180
SMBCJPJTXXX,SOGEFRPPXXX,180
MIDLGB22XXX,SMBCJPJTXXX,155
SMBCJPJTXXX,MIDLGB22XXX,155
COBADEFFXXX,SMBCJPJTXXX,213
SMBCJPJTXXX,COBADEFFXXX,213
WPACAU2SXXX,SMBCJPJTXXX,105
SMBCJPJTXXX,WPACAU2SXXX,105
INGBNL2AXXX,SMBCJPJTXXX,106
SMBCJPJTXXX,INGBNL2AXXX,106
PCBCCNBJXXX,SMBCJPJTXXX,73
SMBCJPJTXXX,PCBCCNBJXXX,73
BENDAU3BXXX,CUSCAU2SXXX,72
CUSCAU2SXXX,BENDAU3BXXX,72
SGBLAU2SXXX,CUSCAU2SXXX,117
CUSCAU2SXXX,SGBLAU2SXXX,117
RBOSAU2SXXX,CUSCAU2SXXX,83
CUSCAU2SXXX,RBOSAU2SXXX,83
NATAAU3302S,CUSCAU2SXXX,74
CUSCAU2SXXX,NATAAU3302S,74
ANZBAU3MXXX,CUSCAU2SXXX,109
CUSCAU2SXXX,ANZBAU3MXXX,109
HSBCAU2SXXX,CUSCAU2SXXX,126
CUSCAU2SXXX,HSBCAU2SXXX,126
QSNWAU4BXXX,CUSCAU2SXXX,99
CUSCAU2SXXX,QSNWAU4BXXX,99
BKWAAU4SXXX,CUSCAU2SXXX,51
CUSCAU2SXXX,BKWAAU4SXXX,51
WPACAU2SXXX,CUSCAU2SXXX,53
CUSCAU2SXXX,WPACAU2SXXX,53
BNPAFRPPXXX,CUSCAU2SXXX,67
CUSCAU2SXXX,BNPAFRPPXXX,67
KNABNL2HXXX,CUSCAU2SXXX,64
CUSCAU2SXXX,KNABNL2HXXX,64
MHCBJPJTXXX,CUSCAU2SXXX,60
CUSCAU2SXXX,MHCBJPJTXXX,60
ABNANL2AXXX,CUSCAU2SXXX,148
CUSCAU2SXXX,ABNANL2AXXX,148
DEUTDEBBXXX,CUSCAU2SXXX,113
CUSCAU2SXXX,DEUTDEBBXXX,113
MMTOJPJTXXX,CUSCAU2SXXX,188
CUSCAU2SXXX,MMTOJPJTXXX,188
BLKBCH22XXX,CUSCAU2SXXX,208
CUSCAU2SXXX,BLKBCH22XXX,208
CRESCHZZXXX,CUSCAU2SXXX,151
CUSCAU2SXXX,CRESCHZZXXX,151
CRLYFRPPXXX,CUSCAU2SXXX,144
CUSCAU2SXXX,CRLYFRPPXXX,144
AGRIFRPPXXX,CUSCAU2SXXX,74
CUSCAU2SXXX,AGRIFRPPXXX,74
HSBCGB2LXXX,CUSCAU2SXXX,94
CUSCAU2SXXX,HSBCGB2LXXX,94
SBININBBFXD,CUSCAU2SXXX,147
CUSCAU2SXXX,SBININBBFXD,147
BOTKJPJTXXX,CUSCAU2SXXX,227
CUSCAU2SXXX,BOTKJPJTXXX,227
BARCGB22XXX,CUSCAU2SXXX,67
CUSCAU2SXXX,BARCGB22XXX,67
SMBCJPJTXXX,CUSCAU2SXXX,75
CUSCAU2SXXX,SMBCJPJTXXX,75
ICICINBBCTS,CUSCAU2SXXX,104
CUSCAU2SXXX,ICICINBBCTS,104
WFBIUS6SXXX,CUSCAU2SXXX,188
CUSCAU2SXXX,WFBIUS6SXXX,188
ABOCCNBJXXX,CUSCAU2SXXX,170
CUSCAU2SXXX,ABOCCNBJXXX,170
BKCHCNBJXXX,CUSCAU2SXXX,76
CUSCAU2SXXX,BKCHCNBJXXX,76
HYVEDEMMXXX,CUSCAU2SXXX,234
CUSCAU2SXXX,HYVEDEMMXXX,234
HELADEF1RRS,CUSCAU2SXXX,217
CUSCAU2SXXX,HELADEF1RRS,217
BOFAUS3NXXX,CUSCAU2SXXX,90
CUSCAU2SXXX,BOFAUS3NXXX,90
BAFUCH22XXX,CUSCAU2SXXX,146
CUSCAU2SXXX,BAFUCH22XXX,146
UTIBINBBXXX,CUSCAU2SXXX,197
CUSCAU2SXXX,UTIBINBBXXX,197
CITIUS33XXX,CUSCAU2SXXX,200
CUSCAU2SXXX,CITIUS33XXX,200
CHASUS33XXX,CUSCAU2SXXX,61
CUSCAU2SXXX,CHASUS33XXX,61
HDFCINBBXXX,CUSCAU2SXXX,164
CUSCAU2SXXX,HDFCINBBXXX,164
UBSWCHZH80A,CUSCAU2SXXX,193
CUSCAU2SXXX,UBSWCHZH80A,193
CCBCCNBJXXX,CUSCAU2SXXX,194
CUSCAU2SXXX,CCBCCNBJXXX,194
RABONL2UXXX,CUSCAU2SXXX,226
CUSCAU2SXXX,RABONL2UXXX,226
RBOSGB2LXXX,CUSCAU2SXXX,77
CUSCAU2SXXX,RBOSGB2LXXX,77
SOGEFRPPXXX,CUSCAU2SXXX,202
CUSCAU2SXXX,SOGEFRPPXXX,202
MIDLGB22XXX,CUSCAU2SXXX,231
CUSCAU2SXXX,MIDLGB22XXX,231
COBADEFFXXX,CUSCAU2SXXX,78
CUSCAU2SXXX,COBADEFFXXX,78
INGBNL2AXXX,CUSCAU2SXXX,109
CUSCAU2SXXX,INGBNL2AXXX,109
PCBCCNBJXXX,CUSCAU2SXXX,103
CUSCAU2SXXX,PCBCCNBJXXX,103
ADDBINBBXXX,ICICINBBCTS,107
ICICINBBCTS,ADDBINBBXXX,107
SBININBBFXD,ICICINBBCTS,21
ICICINBBCTS,SBININBBFXD,21
KKBKINBBXXX,ICICINBBCTS,100
ICICINBBCTS,KKBKINBBXXX,100
INDBINBBBBI,ICICINBBCTS,43
ICICINBBCTS,INDBINBBBBI,43
CORPINBBXXX,ICICINBBCTS,30
ICICINBBCTS,CORPINBBXXX,30
UTIBINBBTCP,ICICINBBCTS,123
ICICINBBCTS,UTIBINBBTCP,123
UTIBINBBXXX,ICICINBBCTS,102
ICICINBBCTS,UTIBINBBXXX,102
HDFCINBBXXX,ICICINBBCTS,21
ICICINBBCTS,HDFCINBBXXX,21
IDIBINBBTSY,ICICINBBCTS,128
ICICINBBCTS,IDIBINBBTSY,128
BNPAFRPPXXX,ICICINBBCTS,212
ICICINBBCTS,BNPAFRPPXXX,212
KNABNL2HXXX,ICICINBBCTS,121
ICICINBBCTS,KNABNL2HXXX,121
MHCBJPJTXXX,ICICINBBCTS,185
ICICINBBCTS,MHCBJPJTXXX,185
ABNANL2AXXX,ICICINBBCTS,142
ICICINBBCTS,ABNANL2AXXX,142
DEUTDEBBXXX,ICICINBBCTS,138
ICICINBBCTS,DEUTDEBBXXX,138
MMTOJPJTXXX,ICICINBBCTS,178
ICICINBBCTS,MMTOJPJTXXX,178
NATAAU3302S,ICICINBBCTS,118
ICICINBBCTS,NATAAU3302S,118
BLKBCH22XXX,ICICINBBCTS,168
ICICINBBCTS,BLKBCH22XXX,168
CRESCHZZXXX,ICICINBBCTS,83
ICICINBBCTS,CRESCHZZXXX,83
CRLYFRPPXXX,ICICINBBCTS,74
ICICINBBCTS,CRLYFRPPXXX,74
AGRIFRPPXXX,ICICINBBCTS,128
ICICINBBCTS,AGRIFRPPXXX,128
HSBCGB2LXXX,ICICINBBCTS,84
ICICINBBCTS,HSBCGB2LXXX,84
ANZBAU3MXXX,ICICINBBCTS,179
ICICINBBCTS,ANZBAU3MXXX,179
BOTKJPJTXXX,ICICINBBCTS,80
ICICINBBCTS,BOTKJPJTXXX,80
BARCGB22XXX,ICICINBBCTS,219
ICICINBBCTS,BARCGB22XXX,219
SMBCJPJTXXX,ICICINBBCTS,165
ICICINBBCTS,SMBCJPJTXXX,165
CUSCAU2SXXX,ICICINBBCTS,98
ICICINBBCTS,CUSCAU2SXXX,98
WFBIUS6SXXX,ICICINBBCTS,180
ICICINBBCTS,WFBIUS6SXXX,180
ABOCCNBJXXX,ICICINBBCTS,155
ICICINBBCTS,ABOCCNBJXXX,155
BKCHCNBJXXX,ICICINBBCTS,116
ICICINBBCTS,BKCHCNBJXXX,116
HYVEDEMMXXX,ICICINBBCTS,230
ICICINBBCTS,HYVEDEMMXXX,230
HELADEF1RRS,ICICINBBCTS,199
ICICINBBCTS,HELADEF1RRS,199
BOFAUS3NXXX,ICICINBBCTS,82
ICICINBBCTS,BOFAUS3NXXX,82
BAFUCH22XXX,ICICINBBCTS,66
ICICINBBCTS,BAFUCH22XXX,66
CITIUS33XXX,ICICINBBCTS,153
ICICINBBCTS,CITIUS33XXX,153
CHASUS33XXX,ICICINBBCTS,132
ICICINBBCTS,CHASUS33XXX,132
UBSWCHZH80A,ICICINBBCTS,98
ICICINBBCTS,UBSWCHZH80A,98
CCBCCNBJXXX,ICICINBBCTS,141
ICICINBBCTS,CCBCCNBJXXX,141
RABONL2UXXX,ICICINBBCTS,88
ICICINBBCTS,RABONL2UXXX,88
RBOSGB2LXXX,ICICINBBCTS,115
ICICINBBCTS,RBOSGB2LXXX,115
SOGEFRPPXXX,ICICINBBCTS,138
ICICINBBCTS,SOGEFRPPXXX,138
MIDLGB22XXX,ICICINBBCTS,60
ICICINBBCTS,MIDLGB22XXX,60
COBADEFFXXX,ICICINBBCTS,177
ICICINBBCTS,COBADEFFXXX,177
WPACAU2SXXX,ICICINBBCTS,82
ICICINBBCTS,WPACAU2SXXX,82
INGBNL2AXXX,ICICINBBCTS,143
ICICINBBCTS,INGBNL2AXXX,143
PCBCCNBJXXX,ICICINBBCTS,75
ICICINBBCTS,PCBCCNBJXXX,75
IRVTUS3NXXX,WFBIUS6SXXX,104
WFBIUS6SXXX,IRVTUS3NXXX,104
NFBKUS33XXX,WFBIUS6SXXX,105
WFBIUS6SXXX,NFBKUS33XXX,105
CIBCUS33XXX,WFBIUS6SXXX,92
WFBIUS6SXXX,CIBCUS33XXX,92
GFSIUS4PXXX,WFBIUS6SXXX,120
WFBIUS6SXXX,GFSIUS4PXXX,120
BOFAUS3NXXX,WFBIUS6SXXX,114
WFBIUS6SXXX,BOFAUS3NXXX,114
CITIUS33XXX,WFBIUS6SXXX,17
WFBIUS6SXXX,CITIUS33XXX,17
CHASUS33XXX,WFBIUS6SXXX,15
WFBIUS6SXXX,CHASUS33XXX,15
USBKUS44XXX,WFBIUS6SXXX,73
WFBIUS6SXXX,USBKUS44XXX,73
BNPAFRPPXXX,WFBIUS6SXXX,92
WFBIUS6SXXX,BNPAFRPPXXX,92
KNABNL2HXXX,WFBIUS6SXXX,227
WFBIUS6SXXX,KNABNL2HXXX,227
MHCBJPJTXXX,WFBIUS6SXXX,79
WFBIUS6SXXX,MHCBJPJTXXX,79
ABNANL2AXXX,WFBIUS6SXXX,130
WFBIUS6SXXX,ABNANL2AXXX,130
DEUTDEBBXXX,WFBIUS6SXXX,167
WFBIUS6SXXX,DEUTDEBBXXX,167
MMTOJPJTXXX,WFBIUS6SXXX,175
WFBIUS6SXXX,MMTOJPJTXXX,175
NATAAU3302S,WFBIUS6SXXX,186
WFBIUS6SXXX,NATAAU3302S,186
BLKBCH22XXX,WFBIUS6SXXX,157
WFBIUS6SXXX,BLKBCH22XXX,157
CRESCHZZXXX,WFBIUS6SXXX,133
WFBIUS6SXXX,CRESCHZZXXX,133
CRLYFRPPXXX,WFBIUS6SXXX,208
WFBIUS6SXXX,CRLYFRPPXXX,208
AGRIFRPPXXX,WFBIUS6SXXX,164
WFBIUS6SXXX,AGRIFRPPXXX,164
HSBCGB2LXXX,WFBIUS6SXXX,226
WFBIUS6SXXX,HSBCGB2LXXX,226
SBININBBFXD,WFBIUS6SXXX,100
WFBIUS6SXXX,SBININBBFXD,100
ANZBAU3MXXX,WFBIUS6SXXX,202
WFBIUS6SXXX,ANZBAU3MXXX,202
BOTKJPJTXXX,WFBIUS6SXXX,127
WFBIUS6SXXX,BOTKJPJTXXX,127
BARCGB22XXX,WFBIUS6SXXX,129
WFBIUS6SXXX,BARCGB22XXX,129
SMBCJPJTXXX,WFBIUS6SXXX,77
WFBIUS6SXXX,SMBCJPJTXXX,77
CUSCAU2SXXX,WFBIUS6SXXX,206
WFBIUS6SXXX,CUSCAU2SXXX,206
ICICINBBCTS,WFBIUS6SXXX,130
WFBIUS6SXXX,ICICINBBCTS,130
ABOCCNBJXXX,WFBIUS6SXXX,195
WFBIUS6SXXX,ABOCCNBJXXX,195
BKCHCNBJXXX,WFBIUS6SXXX,229
WFBIUS6SXXX,BKCHCNBJXXX,229
HYVEDEMMXXX,WFBIUS6SXXX,213
WFBIUS6SXXX,HYVEDEMMXXX,213
HELADEF1RRS,WFBIUS6SXXX,210
WFBIUS6SXXX,HELADEF1RRS,210
BAFUCH22XXX,WFBIUS6SXXX,189
WFBIUS6SXXX,BAFUCH22XXX,189
UTIBINBBXXX,WFBIUS6SXXX,174
WFBIUS6SXXX,UTIBINBBXXX,174
HDFCINBBXXX,WFBIUS6SXXX,153
WFBIUS6SXXX,HDFCINBBXXX,153
UBSWCHZH80A,WFBIUS6SXXX,173
WFBIUS6SXXX,UBSWCHZH80A,173
CCBCCNBJXXX,WFBIUS6SXXX,150
WFBIUS6SXXX,CCBCCNBJXXX,150
RABONL2UXXX,WFBIUS6SXXX,164
WFBIUS6SXXX,RABONL2UXXX,164
RBOSGB2LXXX,WFBIUS6SXXX,181
WFBIUS6SXXX,RBOSGB2LXXX,181
SOGEFRPPXXX,WFBIUS6SXXX,65
WFBIUS6SXXX,SOGEFRPPXXX,65
MIDLGB22XXX,WFBIUS6SXXX,196
WFBIUS6SXXX,MIDLGB22XXX,196
COBADEFFXXX,WFBIUS6SXXX,168
WFBIUS6SXXX,COBADEFFXXX,168
WPACAU2SXXX,WFBIUS6SXXX,85
WFBIUS6SXXX,WPACAU2SXXX,85
INGBNL2AXXX,WFBIUS6SXXX,86
WFBIUS6SXXX,INGBNL2AXXX,86
PCBCCNBJXXX,WFBIUS6SXXX,95
WFBIUS6SXXX,PCBCCNBJXXX,95
CMBCCNBSXXX,ABOCCNBJXXX,104
ABOCCNBJXXX,CMBCCNBSXXX,104
INDCCNSHXXX,ABOCCNBJXXX,112
ABOCCNBJXXX,INDCCNSHXXX,112
UNIACNBJXXX,ABOCCNBJXXX,98
ABOCCNBJXXX,UNIACNBJXXX,98
CETCCNBJXXX,ABOCCNBJXXX,32
ABOCCNBJXXX,CETCCNBJXXX,32
PSBCCNBJXXX,ABOCCNBJXXX,90
ABOCCNBJXXX,PSBCCNBJXXX,90
BKCHCNBJXXX,ABOCCNBJXXX,47
ABOCCNBJXXX,BKCHCNBJXXX,47
CCBCCNBJXXX,ABOCCNBJXXX,22
ABOCCNBJXXX,CCBCCNBJXXX,22
BOCMCNBJXXX,ABOCCNBJXXX,117
ABOCCNBJXXX,BOCMCNBJXXX,117
PCBCCNBJXXX,ABOCCNBJXXX,22
ABOCCNBJXXX,PCBCCNBJXXX,22
BNPAFRPPXXX,ABOCCNBJXXX,146
ABOCCNBJXXX,BNPAFRPPXXX,146
KNABNL2HXXX,ABOCCNBJXXX,108
ABOCCNBJXXX,KNABNL2HXXX,108
MHCBJPJTXXX,ABOCCNBJXXX,96
ABOCCNBJXXX,MHCBJPJTXXX,96
ABNANL2AXXX,ABOCCNBJXXX,112
ABOCCNBJXXX,ABNANL2AXXX,112
DEUTDEBBXXX,ABOCCNBJXXX,179
ABOCCNBJXXX,DEUTDEBBXXX,179
MMTOJPJTXXX,ABOCCNBJXXX,231
ABOCCNBJXXX,MMTOJPJTXXX,231
NATAAU3302S,ABOCCNBJXXX,100
ABOCCNBJXXX,NATAAU3302S,100
BLKBCH22XXX,ABOCCNBJXXX,151
ABOCCNBJXXX,BLKBCH22XXX,151
CRESCHZZXXX,ABOCCNBJXXX,200
ABOCCNBJXXX,CRESCHZZXXX,200
CRLYFRPPXXX,ABOCCNBJXXX,229
ABOCCNBJXXX,CRLYFRPPXXX,229
AGRIFRPPXXX,ABOCCNBJXXX,85
ABOCCNBJXXX,AGRIFRPPXXX,85
HSBCGB2LXXX,ABOCCNBJXXX,113
ABOCCNBJXXX,HSBCGB2LXXX,113
SBININBBFXD,ABOCCNBJXXX,161
ABOCCNBJXXX,SBININBBFXD,161
ANZBAU3MXXX,ABOCCNBJXXX,176
ABOCCNBJXXX,ANZBAU3MXXX,176
BOTKJPJTXXX,ABOCCNBJXXX,218
ABOCCNBJXXX,BOTKJPJTXXX,218
BARCGB22XXX,ABOCCNBJXXX,102
ABOCCNBJXXX,BARCGB22XXX,102
SMBCJPJTXXX,ABOCCNBJXXX,181
ABOCCNBJXXX,SMBCJPJTXXX,181
CUSCAU2SXXX,ABOCCNBJXXX,173
ABOCCNBJXXX,CUSCAU2SXXX,173
ICICINBBCTS,ABOCCNBJXXX,210
ABOCCNBJXXX,ICICINBBCTS,210
WFBIUS6SXXX,ABOCCNBJXXX,207
ABOCCNBJXXX,WFBIUS6SXXX,207
HYVEDEMMXXX,ABOCCNBJXXX,199
ABOCCNBJXXX,HYVEDEMMXXX,199
HELADEF1RRS,ABOCCNBJXXX,65
ABOCCNBJXXX,HELADEF1RRS,65
BOFAUS3NXXX,ABOCCNBJXXX,166
ABOCCNBJXXX,BOFAUS3NXXX,166
BAFUCH22XXX,ABOCCNBJXXX,171
ABOCCNBJXXX,BAFUCH22XXX,171
UTIBINBBXXX,ABOCCNBJXXX,198
ABOCCNBJXXX,UTIBINBBXXX,198
CITIUS33XXX,ABOCCNBJXXX,200
ABOCCNBJXXX,CITIUS33XXX,200
CHASUS33XXX,ABOCCNBJXXX,111
ABOCCNBJXXX,CHASUS33XXX,111
HDFCINBBXXX,ABOCCNBJXXX,73
ABOCCNBJXXX,HDFCINBBXXX,73
UBSWCHZH80A,ABOCCNBJXXX,219
ABOCCNBJXXX,UBSWCHZH80A,219
RABONL2UXXX,ABOCCNBJXXX,91
ABOCCNBJXXX,RABONL2UXXX,91
RBOSGB2LXXX,ABOCCNBJXXX,92
ABOCCNBJXXX,RBOSGB2LXXX,92
SOGEFRPPXXX,ABOCCNBJXXX,125
ABOCCNBJXXX,SOGEFRPPXXX,125
MIDLGB22XXX,ABOCCNBJXXX,140
ABOCCNBJXXX,MIDLGB22XXX,140
COBADEFFXXX,ABOCCNBJXXX,128
ABOCCNBJXXX,COBADEFFXXX,128
WPACAU2SXXX,ABOCCNBJXXX,177
ABOCCNBJXXX,WPACAU2SXXX,177
INGBNL2AXXX,ABOCCNBJXXX,78
ABOCCNBJXXX,INGBNL2AXXX,78
CMBCCNBSXXX,BKCHCNBJXXX,49
BKCHCNBJXXX,CMBCCNBSXXX,49
INDCCNSHXXX,BKCHCNBJXXX,115
BKCHCNBJXXX,INDCCNSHXXX,115
UNIACNBJXXX,BKCHCNBJXXX,83
BKCHCNBJXXX,UNIACNBJXXX,83
CETCCNBJXXX,BKCHCNBJXXX,22
BKCHCNBJXXX,CETCCNBJXXX,22
PSBCCNBJXXX,BKCHCNBJXXX,107
BKCHCNBJXXX,PSBCCNBJXXX,107
ABOCCNBJXXX,BKCHCNBJXXX,100
BKCHCNBJXXX,ABOCCNBJXXX,100
CCBCCNBJXXX,BKCHCNBJXXX,58
BKCHCNBJXXX,CCBCCNBJXXX,58
BOCMCNBJXXX,BKCHCNBJXXX,54
BKCHCNBJXXX,BOCMCNBJXXX,54
PCBCCNBJXXX,BKCHCNBJXXX,57
BKCHCNBJXXX,PCBCCNBJXXX,57
BNPAFRPPXXX,BKCHCNBJXXX,109
BKCHCNBJXXX,BNPAFRPPXXX,109
KNABNL2HXXX,BKCHCNBJXXX,168
BKCHCNBJXXX,KNABNL2HXXX,168
MHCBJPJTXXX,BKCHCNBJXXX,72
BKCHCNBJXXX,MHCBJPJTXXX,72
ABNANL2AXXX,BKCHCNBJXXX,223
BKCHCNBJXXX,ABNANL2AXXX,223
DEUTDEBBXXX,BKCHCNBJXXX,138
BKCHCNBJXXX,DEUTDEBBXXX,138
MMTOJPJTXXX,BKCHCNBJXXX,219
BKCHCNBJXXX,MMTOJPJTXXX,219
NATAAU3302S,BKCHCNBJXXX,182
BKCHCNBJXXX,NATAAU3302S,182
BLKBCH22XXX,BKCHCNBJXXX,143
BKCHCNBJXXX,BLKBCH22XXX,143
CRESCHZZXXX,BKCHCNBJXXX,145
BKCHCNBJXXX,CRESCHZZXXX,145
CRLYFRPPXXX,BKCHCNBJXXX,112
BKCHCNBJXXX,CRLYFRPPXXX,112
AGRIFRPPXXX,BKCHCNBJXXX,100
BKCHCNBJXXX,AGRIFRPPXXX,100
HSBCGB2LXXX,BKCHCNBJXXX,104
BKCHCNBJXXX,HSBCGB2LXXX,104
SBININBBFXD,BKCHCNBJXXX,164
BKCHCNBJXXX,SBININBBFXD,164
ANZBAU3MXXX,BKCHCNBJXXX,114
BKCHCNBJXXX,ANZBAU3MXXX,114
BOTKJPJTXXX,BKCHCNBJXXX,82
BKCHCNBJXXX,BOTKJPJTXXX,82
BARCGB22XXX,BKCHCNBJXXX,195
BKCHCNBJXXX,BARCGB22XXX,195
SMBCJPJTXXX,BKCHCNBJXXX,146
BKCHCNBJXXX,SMBCJPJTXXX,146
CUSCAU2SXXX,BKCHCNBJXXX,147
BKCHCNBJXXX,CUSCAU2SXXX,147
ICICINBBCTS,BKCHCNBJXXX,94
BKCHCNBJXXX,ICICINBBCTS,94
WFBIUS6SXXX,BKCHCNBJXXX,215
BKCHCNBJXXX,WFBIUS6SXXX,215
HYVEDEMMXXX,BKCHCNBJXXX,84
BKCHCNBJXXX,HYVEDEMMXXX,84
HELADEF1RRS,BKCHCNBJXXX,113
BKCHCNBJXXX,HELADEF1RRS,113
BOFAUS3NXXX,BKCHCNBJXXX,93
BKCHCNBJXXX,BOFAUS3NXXX,93
BAFUCH22XXX,BKCHCNBJXXX,60
BKCHCNBJXXX,BAFUCH22XXX,60
UTIBINBBXXX,BKCHCNBJXXX,223
BKCHCNBJXXX,UTIBINBBXXX,223
CITIUS33XXX,BKCHCNBJXXX,112
BKCHCNBJXXX,CITIUS33XXX,112
CHASUS33XXX,BKCHCNBJXXX,206
BKCHCNBJXXX,CHASUS33XXX,206
HDFCINBBXXX,BKCHCNBJXXX,177
BKCHCNBJXXX,HDFCINBBXXX,177
UBSWCHZH80A,BKCHCNBJXXX,184
BKCHCNBJXXX,UBSWCHZH80A,184
RABONL2UXXX,BKCHCNBJXXX,91
BKCHCNBJXXX,RABONL2UXXX,91
RBOSGB2LXXX,BKCHCNBJXXX,68
BKCHCNBJXXX,RBOSGB2LXXX,68
SOGEFRPPXXX,BKCHCNBJXXX,233
BKCHCNBJXXX,SOGEFRPPXXX,233
MIDLGB22XXX,BKCHCNBJXXX,200
BKCHCNBJXXX,MIDLGB22XXX,200
COBADEFFXXX,BKCHCNBJXXX,80
BKCHCNBJXXX,COBADEFFXXX,80
WPACAU2SXXX,BKCHCNBJXXX,215
BKCHCNBJXXX,WPACAU2SXXX,215
INGBNL2AXXX,BKCHCNBJXXX,97
BKCHCNBJXXX,INGBNL2AXXX,97
DEUTDEBBXXX,HYVEDEMMXXX,130
HYVEDEMMXXX,DEUTDEBBXXX,130
RVSADE77XXX,HYVEDEMMXXX,74
HYVEDEMMXXX,RVSADE77XXX,74
MARBDE6LXXX,HYVEDEMMXXX,90
HYVEDEMMXXX,MARBDE6LXXX,90
HELADEF1RRS,HYVEDEMMXXX,66
HYVEDEMMXXX,HELADEF1RRS,66
DRESDEFFXXX,HYVEDEMMXXX,110
HYVEDEMMXXX,DRESDEFFXXX,110
GENODEFFXXX,HYVEDEMMXXX,117
HYVEDEMMXXX,GENODEFFXXX,117
MALADE51XXX,HYVEDEMMXXX,96
HYVEDEMMXXX,MALADE51XXX,96
COBADEFFXXX,HYVEDEMMXXX,59
HYVEDEMMXXX,COBADEFFXXX,59
INGBDEFFXXX,HYVEDEMMXXX,33
HYVEDEMMXXX,INGBDEFFXXX,33
BNPAFRPPXXX,HYVEDEMMXXX,211
HYVEDEMMXXX,BNPAFRPPXXX,211
KNABNL2HXXX,HYVEDEMMXXX,88
HYVEDEMMXXX,KNABNL2HXXX,88
MHCBJPJTXXX,HYVEDEMMXXX,181
HYVEDEMMXXX,MHCBJPJTXXX,181
ABNANL2AXXX,HYVEDEMMXXX,118
HYVEDEMMXXX,ABNANL2AXXX,118
MMTOJPJTXXX,HYVEDEMMXXX,122
HYVEDEMMXXX,MMTOJPJTXXX,122
NATAAU3302S,HYVEDEMMXXX,156
HYVEDEMMXXX,NATAAU3302S,156
BLKBCH22XXX,HYVEDEMMXXX,142
HYVEDEMMXXX,BLKBCH22XXX,142
CRESCHZZXXX,HYVEDEMMXXX,175
HYVEDEMMXXX,CRESCHZZXXX,175
CRLYFRPPXXX,HYVEDEMMXXX,189
HYVEDEMMXXX,CRLYFRPPXXX,189
AGRIFRPPXXX,HYVEDEMMXXX,143
HYVEDEMMXXX,AGRIFRPPXXX,143
HSBCGB2LXXX,HYVEDEMMXXX,157
HYVEDEMMXXX,HSBCGB2LXXX,157
SBININBBFXD,HYVEDEMMXXX,61
HYVEDEMMXXX,SBININBBFXD,61
ANZBAU3MXXX,HYVEDEMMXXX,108
HYVEDEMMXXX,ANZBAU3MXXX,108
BOTKJPJTXXX,HYVEDEMMXXX,94
HYVEDEMMXXX,BOTKJPJTXXX,94
BARCGB22XXX,HYVEDEMMXXX,185
HYVEDEMMXXX,BARCGB22XXX,185
SMBCJPJTXXX,HYVEDEMMXXX,140
HYVEDEMMXXX,SMBCJPJTXXX,140
CUSCAU2SXXX,HYVEDEMMXXX,102
HYVEDEMMXXX,CUSCAU2SXXX,102
ICICINBBCTS,HYVEDEMMXXX,178
HYVEDEMMXXX,ICICINBBCTS,178
WFBIUS6SXXX,HYVEDEMMXXX,99
HYVEDEMMXXX,WFBIUS6SXXX,99
ABOCCNBJXXX,HYVEDEMMXXX,123
HYVEDEMMXXX,ABOCCNBJXXX,123
BKCHCNBJXXX,HYVEDEMMXXX,153
HYVEDEMMXXX,BKCHCNBJXXX,153
BOFAUS3NXXX,HYVEDEMMXXX,137
HYVEDEMMXXX,BOFAUS3NXXX,137
BAFUCH22XXX,HYVEDEMMXXX,122
HYVEDEMMXXX,BAFUCH22XXX,122
UTIBINBBXXX,HYVEDEMMXXX,69
HYVEDEMMXXX,UTIBINBBXXX,69
CITIUS33XXX,HYVEDEMMXXX,77
HYVEDEMMXXX,CITIUS33XXX,77
CHASUS33XXX,HYVEDEMMXXX,206
HYVEDEMMXXX,CHASUS33XXX,206
HDFCINBBXXX,HYVEDEMMXXX,219
HYVEDEMMXXX,HDFCINBBXXX,219
UBSWCHZH80A,HYVEDEMMXXX,238
HYVEDEMMXXX,UBSWCHZH80A,238
CCBCCNBJXXX,HYVEDEMMXXX,154
HYVEDEMMXXX,CCBCCNBJXXX,154
RABONL2UXXX,HYVEDEMMXXX,111
HYVEDEMMXXX,RABONL2UXXX,111
RBOSGB2LXXX,HYVEDEMMXXX,92
HYVEDEMMXXX,RBOSGB2LXXX,92
SOGEFRPPXXX,HYVEDEMMXXX,125
HYVEDEMMXXX,SOGEFRPPXXX,125
MIDLGB22XXX,HYVEDEMMXXX,139
HYVEDEMMXXX,MIDLGB22XXX,139
WPACAU2SXXX,HYVEDEMMXXX,214
HYVEDEMMXXX,WPACAU2SXXX,214
INGBNL2AXXX,HYVEDEMMXXX,183
HYVEDEMMXXX,INGBNL2AXXX,183
PCBCCNBJXXX,HYVEDEMMXXX,202
HYVEDEMMXXX,PCBCCNBJXXX,202
DEUTDEBBXXX,HELADEF1RRS,56
HELADEF1RRS,DEUTDEBBXXX,56
RVSADE77XXX,HELADEF1RRS,26
HELADEF1RRS,RVSADE77XXX,26
MARBDE6LXXX,HELADEF1RRS,61
HELADEF1RRS,MARBDE6LXXX,61
HYVEDEMMXXX,HELADEF1RRS,22
HELADEF1RRS,HYVEDEMMXXX,22
DRESDEFFXXX,HELADEF1RRS,82
HELADEF1RRS,DRESDEFFXXX,82
GENODEFFXXX,HELADEF1RRS,127
HELADEF1RRS,GENODEFFXXX,127
MALADE51XXX,HELADEF1RRS,23
HELADEF1RRS,MALADE51XXX,23
COBADEFFXXX,HELADEF1RRS,115
HELADEF1RRS,COBADEFFXXX,115
INGBDEFFXXX,HELADEF1RRS,29
HELADEF1RRS,INGBDEFFXXX,29
BNPAFRPPXXX,HELADEF1RRS,205
HELADEF1RRS,BNPAFRPPXXX,205
KNABNL2HXXX,HELADEF1RRS,116
HELADEF1RRS,KNABNL2HXXX,116
MHCBJPJTXXX,HELADEF1RRS,131
HELADEF1RRS,MHCBJPJTXXX,131
ABNANL2AXXX,HELADEF1RRS,142
HELADEF1RRS,ABNANL2AXXX,142
MMTOJPJTXXX,HELADEF1RRS,156
HELADEF1RRS,MMTOJPJTXXX,156
NATAAU3302S,HELADEF1RRS,194
HELADEF1RRS,NATAAU3302S,194
BLKBCH22XXX,HELADEF1RRS,235
HELADEF1RRS,BLKBCH22XXX,235
CRESCHZZXXX,HELADEF1RRS,233
HELADEF1RRS,CRESCHZZXXX,233
CRLYFRPPXXX,HELADEF1RRS,76
HELADEF1RRS,CRLYFRPPXXX,76
AGRIFRPPXXX,HELADEF1RRS,63
HELADEF1RRS,AGRIFRPPXXX,63
HSBCGB2LXXX,HELADEF1RRS,69
HELADEF1RRS,HSBCGB2LXXX,69
SBININBBFXD,HELADEF1RRS,222
HELADEF1RRS,SBININBBFXD,222
ANZBAU3MXXX,HELADEF1RRS,222
HELADEF1RRS,ANZBAU3MXXX,222
BOTKJPJTXXX,HELADEF1RRS,67
HELADEF1RRS,BOTKJPJTXXX,67
BARCGB22XXX,HELADEF1RRS,135
HELADEF1RRS,BARCGB22XXX,135
SMBCJPJTXXX,HELADEF1RRS,93
HELADEF1RRS,SMBCJPJTXXX,93
CUSCAU2SXXX,HELADEF1RRS,99
HELADEF1RRS,CUSCAU2SXXX,99
ICICINBBCTS,HELADEF1RRS,200
HELADEF1RRS,ICICINBBCTS,200
WFBIUS6SXXX,HELADEF1RRS,172
HELADEF1RRS,WFBIUS6SXXX,172
ABOCCNBJXXX,HELADEF1RRS,73
HELADEF1RRS,ABOCCNBJXXX,73
BKCHCNBJXXX,HELADEF1RRS,143
HELADEF1RRS,BKCHCNBJXXX,143
BOFAUS3NXXX,HELADEF1RRS,134
HELADEF1RRS,BOFAUS3NXXX,134
BAFUCH22XXX,HELADEF1RRS,143
HELADEF1RRS,BAFUCH22XXX,143
UTIBINBBXXX,HELADEF1RRS,168
HELADEF1RRS,UTIBINBBXXX,168
CITIUS33XXX,HELADEF1RRS,211
HELADEF1RRS,CITIUS33XXX,211
CHASUS33XXX,HELADEF1RRS,161
HELADEF1RRS,CHASUS33XXX,161
HDFCINBBXXX,HELADEF1RRS,96
HELADEF1RRS,HDFCINBBXXX,96
UBSWCHZH80A,HELADEF1RRS,205
HELADEF1RRS,UBSWCHZH80A,205
CCBCCNBJXXX,HELADEF1RRS,181
HELADEF1RRS,CCBCCNBJXXX,181
RABONL2UXXX,HELADEF1RRS,72
HELADEF1RRS,RABONL2UXXX,72
RBOSGB2LXXX,HELADEF1RRS,234
HELADEF1RRS,RBOSGB2LXXX,234
SOGEFRPPXXX,HELADEF1RRS,146
HELADEF1RRS,SOGEFRPPXXX,146
MIDLGB22XXX,HELADEF1RRS,129
HELADEF1RRS,MIDLGB22XXX,129
WPACAU2SXXX,HELADEF1RRS,124
HELADEF1RRS,WPACAU2SXXX,124
INGBNL2AXXX,HELADEF1RRS,228
HELADEF1RRS,INGBNL2AXXX,228
PCBCCNBJXXX,HELADEF1RRS,225
HELADEF1RRS,PCBCCNBJXXX,225
IRVTUS3NXXX,BOFAUS3NXXX,22
BOFAUS3NXXX,IRVTUS3NXXX,22
NFBKUS33XXX,BOFAUS3NXXX,119
BOFAUS3NXXX,NFBKUS33XXX,119
WFBIUS6SXXX,BOFAUS3NXXX,115
BOFAUS3NXXX,WFBIUS6SXXX,115
CIBCUS33XXX,BOFAUS3NXXX,33
BOFAUS3NXXX,CIBCUS33XXX,33
GFSIUS4PXXX,BOFAUS3NXXX,121
BOFAUS3NXXX,GFSIUS4PXXX,121
CITIUS33XXX,BOFAUS3NXXX,122
BOFAUS3NXXX,CITIUS33XXX,122
CHASUS33XXX,BOFAUS3NXXX,20
BOFAUS3NXXX,CHASUS33XXX,20
USBKUS44XXX,BOFAUS3NXXX,109
BOFAUS3NXXX,USBKUS44XXX,109
BNPAFRPPXXX,BOFAUS3NXXX,235
BOFAUS3NXXX,BNPAFRPPXXX,235
KNABNL2HXXX,BOFAUS3NXXX,152
BOFAUS3NXXX,KNABNL2HXXX,152
MHCBJPJTXXX,BOFAUS3NXXX,60
BOFAUS3NXXX,MHCBJPJTXXX,60
ABNANL2AXXX,BOFAUS3NXXX,94
BOFAUS3NXXX,ABNANL2AXXX,94
DEUTDEBBXXX,BOFAUS3NXXX,111
BOFAUS3NXXX,DEUTDEBBXXX,111
MMTOJPJTXXX,BOFAUS3NXXX,173
BOFAUS3NXXX,MMTOJPJTXXX,173
NATAAU3302S,BOFAUS3NXXX,107
BOFAUS3NXXX,NATAAU3302S,107
BLKBCH22XXX,BOFAUS3NXXX,195
BOFAUS3NXXX,BLKBCH22XXX,195
CRESCHZZXXX,BOFAUS3NXXX,66
BOFAUS3NXXX,CRESCHZZXXX,66
CRLYFRPPXXX,BOFAUS3NXXX,190
BOFAUS3NXXX,CRLYFRPPXXX,190
AGRIFRPPXXX,BOFAUS3NXXX,123
BOFAUS3NXXX,AGRIFRPPXXX,123
HSBCGB2LXXX,BOFAUS3NXXX,217
BOFAUS3NXXX,HSBCGB2LXXX,217
SBININBBFXD,BOFAUS3NXXX,111
BOFAUS3NXXX,SBININBBFXD,111
ANZBAU3MXXX,BOFAUS3NXXX,160
BOFAUS3NXXX,ANZBAU3MXXX,160
BOTKJPJTXXX,BOFAUS3NXXX,182
BOFAUS3NXXX,BOTKJPJTXXX,182
BARCGB22XXX,BOFAUS3NXXX,233
BOFAUS3NXXX,BARCGB22XXX,233
SMBCJPJTXXX,BOFAUS3NXXX,172
BOFAUS3NXXX,SMBCJPJTXXX,172
CUSCAU2SXXX,BOFAUS3NXXX,175
BOFAUS3NXXX,CUSCAU2SXXX,175
ICICINBBCTS,BOFAUS3NXXX,138
BOFAUS3NXXX,ICICINBBCTS,138
ABOCCNBJXXX,BOFAUS3NXXX,61
BOFAUS3NXXX,ABOCCNBJXXX,61
BKCHCNBJXXX,BOFAUS3NXXX,240
BOFAUS3NXXX,BKCHCNBJXXX,240
HYVEDEMMXXX,BOFAUS3NXXX,125
BOFAUS3NXXX,HYVEDEMMXXX,125
HELADEF1RRS,BOFAUS3NXXX,227
BOFAUS3NXXX,HELADEF1RRS,227
BAFUCH22XXX,BOFAUS3NXXX,77
BOFAUS3NXXX,BAFUCH22XXX,77
UTIBINBBXXX,BOFAUS3NXXX,107
BOFAUS3NXXX,UTIBINBBXXX,107
HDFCINBBXXX,BOFAUS3NXXX,204
BOFAUS3NXXX,HDFCINBBXXX,204
UBSWCHZH80A,BOFAUS3NXXX,112
BOFAUS3NXXX,UBSWCHZH80A,112
CCBCCNBJXXX,BOFAUS3NXXX,93
BOFAUS3NXXX,CCBCCNBJXXX,93
RABONL2UXXX,BOFAUS3NXXX,192
BOFAUS3NXXX,RABONL2UXXX,192
RBOSGB2LXXX,BOFAUS3NXXX,128
BOFAUS3NXXX,RBOSGB2LXXX,128
SOGEFRPPXXX,BOFAUS3NXXX,61
BOFAUS3NXXX,SOGEFRPPXXX,61
MIDLGB22XXX,BOFAUS3NXXX,186
BOFAUS3NXXX,MIDLGB22XXX,186
COBADEFFXXX,BOFAUS3NXXX,221
BOFAUS3NXXX,COBADEFFXXX,221
WPACAU2SXXX,BOFAUS3NXXX,62
BOFAUS3NXXX,WPACAU2SXXX,62
INGBNL2AXXX,BOFAUS3NXXX,220
BOFAUS3NXXX,INGBNL2AXXX,220
PCBCCNBJXXX,BOFAUS3NXXX,91
BOFAUS3NXXX,PCBCCNBJXXX,91
RABOCHGGXXX,BAFUCH22XXX,87
BAFUCH22XXX,RABOCHGGXXX,87
BLKBCH22XXX,BAFUCH22XXX,27
BAFUCH22XXX,BLKBCH22XXX,27
CRESCHZZXXX,BAFUCH22XXX,121
BAFUCH22XXX,CRESCHZZXXX,121
BCVACH2LXXX,BAFUCH22XXX,91
BAFUCH22XXX,BCVACH2LXXX,91
BCVSCH2LXXX,BAFUCH22XXX,115
BAFUCH22XXX,BCVSCH2LXXX,115
UBSWCHZH80A,BAFUCH22XXX,43
BAFUCH22XXX,UBSWCHZH80A,43
ABBECHZZXXX,BAFUCH22XXX,76
BAFUCH22XXX,ABBECHZZXXX,76
BNPAFRPPXXX,BAFUCH22XXX,88
BAFUCH22XXX,BNPAFRPPXXX,88
KNABNL2HXXX,BAFUCH22XXX,209
BAFUCH22XXX,KNABNL2HXXX,209
MHCBJPJTXXX,BAFUCH22XXX,100
BAFUCH22XXX,MHCBJPJTXXX,100
ABNANL2AXXX,BAFUCH22XXX,80
BAFUCH22XXX,ABNANL2AXXX,80
DEUTDEBBXXX,BAFUCH22XXX,141
BAFUCH22XXX,DEUTDEBBXXX,141
MMTOJPJTXXX,BAFUCH22XXX,215
BAFUCH22XXX,MMTOJPJTXXX,215
NATAAU3302S,BAFUCH22XXX,158
BAFUCH22XXX,NATAAU3302S,158
CRLYFRPPXXX,BAFUCH22XXX,143
BAFUCH22XXX,CRLYFRPPXXX,143
AGRIFRPPXXX,BAFUCH22XXX,215
BAFUCH22XXX,AGRIFRPPXXX,215
HSBCGB2LXXX,BAFUCH22XXX,224
BAFUCH22XXX,HSBCGB2LXXX,224
SBININBBFXD,BAFUCH22XXX,129
BAFUCH22XXX,SBININBBFXD,129
ANZBAU3MXXX,BAFUCH22XXX,233
BAFUCH22XXX,ANZBAU3MXXX,233
BOTKJPJTXXX,BAFUCH22XXX,91
BAFUCH22XXX,BOTKJPJTXXX,91
BARCGB22XXX,BAFUCH22XXX,93
BAFUCH22XXX,BARCGB22XXX,93
SMBCJPJTXXX,BAFUCH22XXX,104
BAFUCH22XXX,SMBCJPJTXXX,104
CUSCAU2SXXX,BAFUCH22XXX,125
BAFUCH22XXX,CUSCAU2SXXX,125
ICICINBBCTS,BAFUCH22XXX,226
BAFUCH22XXX,ICICINBBCTS,226
WFBIUS6SXXX,BAFUCH22XXX,173
BAFUCH22XXX,WFBIUS6SXXX,173
ABOCCNBJXXX,BAFUCH22XXX,126
BAFUCH22XXX,ABOCCNBJXXX,126
BKCHCNBJXXX,BAFUCH22XXX,171
BAFUCH22XXX,BKCHCNBJXXX,171
HYVEDEMMXXX,BAFUCH22XXX,153
BAFUCH22XXX,HYVEDEMMXXX,153
HELADEF1RRS,BAFUCH22XXX,128
BAFUCH22XXX,HELADEF1RRS,128
BOFAUS3NXXX,BAFUCH22XXX,150
BAFUCH22XXX,BOFAUS3NXXX,150
UTIBINBBXXX,BAFUCH22XXX,185
BAFUCH22XXX,UTIBINBBXXX,185
CITIUS33XXX,BAFUCH22XXX,63
BAFUCH22XXX,CITIUS33XXX,63
CHASUS33XXX,BAFUCH22XXX,177
BAFUCH22XXX,CHASUS33XXX,177
HDFCINBBXXX,BAFUCH22XXX,172
BAFUCH22XXX,HDFCINBBXXX,172
CCBCCNBJXXX,BAFUCH22XXX,185
BAFUCH22XXX,CCBCCNBJXXX,185
RABONL2UXXX,BAFUCH22XXX,154
BAFUCH22XXX,RABONL2UXXX,154
RBOSGB2LXXX,BAFUCH22XXX,222
BAFUCH22XXX,RBOSGB2LXXX,222
SOGEFRPPXXX,BAFUCH22XXX,103
BAFUCH22XXX,SOGEFRPPXXX,103
MIDLGB22XXX,BAFUCH22XXX,182
BAFUCH22XXX,MIDLGB22XXX,182
COBADEFFXXX,BAFUCH22XXX,191
BAFUCH22XXX,COBADEFFXXX,191
WPACAU2SXXX,BAFUCH22XXX,144
BAFUCH22XXX,WPACAU2SXXX,144
INGBNL2AXXX,BAFUCH22XXX,202
BAFUCH22XXX,INGBNL2AXXX,202
PCBCCNBJXXX,BAFUCH22XXX,91
BAFUCH22XXX,PCBCCNBJXXX,91
ADDBINBBXXX,UTIBINBBXXX,49
UTIBINBBXXX,ADDBINBBXXX,49
SBININBBFXD,UTIBINBBXXX,50
UTIBINBBXXX,SBININBBFXD,50
KKBKINBBXXX,UTIBINBBXXX,87
UTIBINBBXXX,KKBKINBBXXX,87
INDBINBBBBI,UTIBINBBXXX,32
UTIBINBBXXX,INDBINBBBBI,32
ICICINBBCTS,UTIBINBBXXX,39
UTIBINBBXXX,ICICINBBCTS,39
CORPINBBXXX,UTIBINBBXXX,12
UTIBINBBXXX,CORPINBBXXX,12
UTIBINBBTCP,UTIBINBBXXX,26
UTIBINBBXXX,UTIBINBBTCP,26
HDFCINBBXXX,UTIBINBBXXX,60
UTIBINBBXXX,HDFCINBBXXX,60
IDIBINBBTSY,UTIBINBBXXX,35
UTIBINBBXXX,IDIBINBBTSY,35
BNPAFRPPXXX,UTIBINBBXXX,129
UTIBINBBXXX,BNPAFRPPXXX,129
KNABNL2HXXX,UTIBINBBXXX,200
UTIBINBBXXX,KNABNL2HXXX,200
MHCBJPJTXXX,UTIBINBBXXX,83
UTIBINBBXXX,MHCBJPJTXXX,83
ABNANL2AXXX,UTIBINBBXXX,62
UTIBINBBXXX,ABNANL2AXXX,62
DEUTDEBBXXX,UTIBINBBXXX,86
UTIBINBBXXX,DEUTDEBBXXX,86
MMTOJPJTXXX,UTIBINBBXXX,194
UTIBINBBXXX,MMTOJPJTXXX,194
NATAAU3302S,UTIBINBBXXX,156
UTIBINBBXXX,NATAAU3302S,156
BLKBCH22XXX,UTIBINBBXXX,154
UTIBINBBXXX,BLKBCH22XXX,154
CRESCHZZXXX,UTIBINBBXXX,104
UTIBINBBXXX,CRESCHZZXXX,104
CRLYFRPPXXX,UTIBINBBXXX,100
UTIBINBBXXX,CRLYFRPPXXX,100
AGRIFRPPXXX,UTIBINBBXXX,158
UTIBINBBXXX,AGRIFRPPXXX,158
HSBCGB2LXXX,UTIBINBBXXX,222
UTIBINBBXXX,HSBCGB2LXXX,222
ANZBAU3MXXX,UTIBINBBXXX,212
UTIBINBBXXX,ANZBAU3MXXX,212
BOTKJPJTXXX,UTIBINBBXXX,102
UTIBINBBXXX,BOTKJPJTXXX,102
BARCGB22XXX,UTIBINBBXXX,135
UTIBINBBXXX,BARCGB22XXX,135
SMBCJPJTXXX,UTIBINBBXXX,193
UTIBINBBXXX,SMBCJPJTXXX,193
CUSCAU2SXXX,UTIBINBBXXX,146
UTIBINBBXXX,CUSCAU2SXXX,146
WFBIUS6SXXX,UTIBINBBXXX,76
UTIBINBBXXX,WFBIUS6SXXX,76
ABOCCNBJXXX,UTIBINBBXXX,143
UTIBINBBXXX,ABOCCNBJXXX,143
BKCHCNBJXXX,UTIBINBBXXX,230
UTIBINBBXXX,BKCHCNBJXXX,230
HYVEDEMMXXX,UTIBINBBXXX,219
UTIBINBBXXX,HYVEDEMMXXX,219
HELADEF1RRS,UTIBINBBXXX,175
UTIBINBBXXX,HELADEF1RRS,175
BOFAUS3NXXX,UTIBINBBXXX,108
UTIBINBBXXX,BOFAUS3NXXX,108
BAFUCH22XXX,UTIBINBBXXX,98
UTIBINBBXXX,BAFUCH22XXX,98
CITIUS33XXX,UTIBINBBXXX,110
UTIBINBBXXX,CITIUS33XXX,110
CHASUS33XXX,UTIBINBBXXX,141
UTIBINBBXXX,CHASUS33XXX,141
UBSWCHZH80A,UTIBINBBXXX,142
UTIBINBBXXX,UBSWCHZH80A,142
CCBCCNBJXXX,UTIBINBBXXX,114
UTIBINBBXXX,CCBCCNBJXXX,114
RABONL2UXXX,UTIBINBBXXX,166
UTIBINBBXXX,RABONL2UXXX,166
RBOSGB2LXXX,UTIBINBBXXX,218
UTIBINBBXXX,RBOSGB2LXXX,218
SOGEFRPPXXX,UTIBINBBXXX,153
UTIBINBBXXX,SOGEFRPPXXX,153
MIDLGB22XXX,UTIBINBBXXX,235
UTIBINBBXXX,MIDLGB22XXX,235
COBADEFFXXX,UTIBINBBXXX,178
UTIBINBBXXX,COBADEFFXXX,178
WPACAU2SXXX,UTIBINBBXXX,176
UTIBINBBXXX,WPACAU2SXXX,176
INGBNL2AXXX,UTIBINBBXXX,238
UTIBINBBXXX,INGBNL2AXXX,238
PCBCCNBJXXX,UTIBINBBXXX,204
UTIBINBBXXX,PCBCCNBJXXX,204
IRVTUS3NXXX,CITIUS33XXX,57
CITIUS33XXX,IRVTUS3NXXX,57
NFBKUS33XXX,CITIUS33XXX,72
CITIUS33XXX,NFBKUS33XXX,72
WFBIUS6SXXX,CITIUS33XXX,49
CITIUS33XXX,WFBIUS6SXXX,49
CIBCUS33XXX,CITIUS33XXX,87
CITIUS33XXX,CIBCUS33XXX,87
GFSIUS4PXXX,CITIUS33XXX,99
CITIUS33XXX,GFSIUS4PXXX,99
BOFAUS3NXXX,CITIUS33XXX,114
CITIUS33XXX,BOFAUS3NXXX,114
CHASUS33XXX,CITIUS33XXX,74
CITIUS33XXX,CHASUS33XXX,74
USBKUS44XXX,CITIUS33XXX,80
CITIUS33XXX,USBKUS44XXX,80
BNPAFRPPXXX,CITIUS33XXX,78
CITIUS33XXX,BNPAFRPPXXX,78
KNABNL2HXXX,CITIUS33XXX,232
CITIUS33XXX,KNABNL2HXXX,232
MHCBJPJTXXX,CITIUS33XXX,118
CITIUS33XXX,MHCBJPJTXXX,118
ABNANL2AXXX,CITIUS33XXX,164
CITIUS33XXX,ABNANL2AXXX,164
DEUTDEBBXXX,CITIUS33XXX,67
CITIUS33XXX,DEUTDEBBXXX,67
MMTOJPJTXXX,CITIUS33XXX,202
CITIUS33XXX,MMTOJPJTXXX,202
NATAAU3302S,CITIUS33XXX,153
CITIUS33XXX,NATAAU3302S,153
BLKBCH22XXX,CITIUS33XXX,227
CITIUS33XXX,BLKBCH22XXX,227
CRESCHZZXXX,CITIUS33XXX,137
CITIUS33XXX,CRESCHZZXXX,137
CRLYFRPPXXX,CITIUS33XXX,201
CITIUS33XXX,CRLYFRPPXXX,201
AGRIFRPPXXX,CITIUS33XXX,85
CITIUS33XXX,AGRIFRPPXXX,85
HSBCGB2LXXX,CITIUS33XXX,187
CITIUS33XXX,HSBCGB2LXXX,187
SBININBBFXD,CITIUS33XXX,102
CITIUS33XXX,SBININBBFXD,102
ANZBAU3MXXX,CITIUS33XXX,168
CITIUS33XXX,ANZBAU3MXXX,168
BOTKJPJTXXX,CITIUS33XXX,61
CITIUS33XXX,BOTKJPJTXXX,61
BARCGB22XXX,CITIUS33XXX,208
CITIUS33XXX,BARCGB22XXX,208
SMBCJPJTXXX,CITIUS33XXX,145
CITIUS33XXX,SMBCJPJTXXX,145
CUSCAU2SXXX,CITIUS33XXX,154
CITIUS33XXX,CUSCAU2SXXX,154
ICICINBBCTS,CITIUS33XXX,203
CITIUS33XXX,ICICINBBCTS,203
ABOCCNBJXXX,CITIUS33XXX,82
CITIUS33XXX,ABOCCNBJXXX,82
BKCHCNBJXXX,CITIUS33XXX,90
CITIUS33XXX,BKCHCNBJXXX,90
HYVEDEMMXXX,CITIUS33XXX,200
CITIUS33XXX,HYVEDEMMXXX,200
HELADEF1RRS,CITIUS33XXX,227
CITIUS33XXX,HELADEF1RRS,227
BAFUCH22XXX,CITIUS33XXX,160
CITIUS33XXX,BAFUCH22XXX,160
UTIBINBBXXX,CITIUS33XXX,112
CITIUS33XXX,UTIBINBBXXX,112
HDFCINBBXXX,CITIUS33XXX,104
CITIUS33XXX,HDFCINBBXXX,104
UBSWCHZH80A,CITIUS33XXX,95
CITIUS33XXX,UBSWCHZH80A,95
CCBCCNBJXXX,CITIUS33XXX,65
CITIUS33XXX,CCBCCNBJXXX,65
RABONL2UXXX,CITIUS33XXX,80
CITIUS33XXX,RABONL2UXXX,80
RBOSGB2LXXX,CITIUS33XXX,191
CITIUS33XXX,RBOSGB2LXXX,191
SOGEFRPPXXX,CITIUS33XXX,171
CITIUS33XXX,SOGEFRPPXXX,171
MIDLGB22XXX,CITIUS33XXX,98
CITIUS33XXX,MIDLGB22XXX,98
COBADEFFXXX,CITIUS33XXX,182
CITIUS33XXX,COBADEFFXXX,182
WPACAU2SXXX,CITIUS33XXX,230
CITIUS33XXX,WPACAU2SXXX,230
INGBNL2AXXX,CITIUS33XXX,202
CITIUS33XXX,INGBNL2AXXX,202
PCBCCNBJXXX,CITIUS33XXX,190
CITIUS33XXX,PCBCCNBJXXX,190
IRVTUS3NXXX,CHASUS33XXX,97
CHASUS33XXX,IRVTUS3NXXX,97
NFBKUS33XXX,CHASUS33XXX,47
CHASUS33XXX,NFBKUS33XXX,47
WFBIUS6SXXX,CHASUS33XXX,88
CHASUS33XXX,WFBIUS6SXXX,88
CIBCUS33XXX,CHASUS33XXX,28
CHASUS33XXX,CIBCUS33XXX,28
GFSIUS4PXXX,CHASUS33XXX,20
CHASUS33XXX,GFSIUS4PXXX,20
BOFAUS3NXXX,CHASUS33XXX,104
CHASUS33XXX,BOFAUS3NXXX,104
CITIUS33XXX,CHASUS33XXX,113
CHASUS33XXX,CITIUS33XXX,113
USBKUS44XXX,CHASUS33XXX,49
CHASUS33XXX,USBKUS44XXX,49
BNPAFRPPXXX,CHASUS33XXX,129
CHASUS33XXX,BNPAFRPPXXX,129
KNABNL2HXXX,CHASUS33XXX,216
CHASUS33XXX,KNABNL2HXXX,216
MHCBJPJTXXX,CHASUS33XXX,85
CHASUS33XXX,MHCBJPJTXXX,85
ABNANL2AXXX,CHASUS33XXX,214
CHASUS33XXX,ABNANL2AXXX,214
DEUTDEBBXXX,CHASUS33XXX,130
CHASUS33XXX,DEUTDEBBXXX,130
MMTOJPJTXXX,CHASUS33XXX,228
CHASUS33XXX,MMTOJPJTXXX,228
NATAAU3302S,CHASUS33XXX,237
CHASUS33XXX,NATAAU3302S,237
BLKBCH22XXX,CHASUS33XXX,160
CHASUS33XXX,BLKBCH22XXX,160
CRESCHZZXXX,CHASUS33XXX,188
CHASUS33XXX,CRESCHZZXXX,188
CRLYFRPPXXX,CHASUS33XXX,224
CHASUS33XXX,CRLYFRPPXXX,224
AGRIFRPPXXX,CHASUS33XXX,80
CHASUS33XXX,AGRIFRPPXXX,80
HSBCGB2LXXX,CHASUS33XXX,60
CHASUS33XXX,HSBCGB2LXXX,60
SBININBBFXD,CHASUS33XXX,88
CHASUS33XXX,SBININBBFXD,88
ANZBAU3MXXX,CHASUS33XXX,115
CHASUS33XXX,ANZBAU3MXXX,115
BOTKJPJTXXX,CHASUS33XXX,65
CHASUS33XXX,BOTKJPJTXXX,65
BARCGB22XXX,CHASUS33XXX,108
CHASUS33XXX,BARCGB22XXX,108
SMBCJPJTXXX,CHASUS33XXX,66
CHASUS33XXX,SMBCJPJTXXX,66
CUSCAU2SXXX,CHASUS33XXX,177
CHASUS33XXX,CUSCAU2SXXX,177
ICICINBBCTS,CHASUS33XXX,146
CHASUS33XXX,ICICINBBCTS,146
ABOCCNBJXXX,CHASUS33XXX,189
CHASUS33XXX,ABOCCNBJXXX,189
BKCHCNBJXXX,CHASUS33XXX,166
CHASUS33XXX,BKCHCNBJXXX,166
HYVEDEMMXXX,CHASUS33XXX,108
CHASUS33XXX,HYVEDEMMXXX,108
HELADEF1RRS,CHASUS33XXX,138
CHASUS33XXX,HELADEF1RRS,138
BAFUCH22XXX,CHASUS33XXX,116
CHASUS33XXX,BAFUCH22XXX,116
UTIBINBBXXX,CHASUS33XXX,163
CHASUS33XXX,UTIBINBBXXX,163
HDFCINBBXXX,CHASUS33XXX,74
CHASUS33XXX,HDFCINBBXXX,74
UBSWCHZH80A,CHASUS33XXX,144
CHASUS33XXX,UBSWCHZH80A,144
CCBCCNBJXXX,CHASUS33XXX,180
CHASUS33XXX,CCBCCNBJXXX,180
RABONL2UXXX,CHASUS33XXX,216
CHASUS33XXX,RABONL2UXXX,216
RBOSGB2LXXX,CHASUS33XXX,119
CHASUS33XXX,RBOSGB2LXXX,119
SOGEFRPPXXX,CHASUS33XXX,238
CHASUS33XXX,SOGEFRPPXXX,238
MIDLGB22XXX,CHASUS33XXX,104
CHASUS33XXX,MIDLGB22XXX,104
COBADEFFXXX,CHASUS33XXX,95
CHASUS33XXX,COBADEFFXXX,95
WPACAU2SXXX,CHASUS33XXX,83
CHASUS33XXX,WPACAU2SXXX,83
INGBNL2AXXX,CHASUS33XXX,78
CHASUS33XXX,INGBNL2AXXX,78
PCBCCNBJXXX,CHASUS33XXX,165
CHASUS33XXX,PCBCCNBJXXX,165
ADDBINBBXXX,HDFCINBBXXX,17
HDFCINBBXXX,ADDBINBBXXX,17
SBININBBFXD,HDFCINBBXXX,19
HDFCINBBXXX,SBININBBFXD,19
KKBKINBBXXX,HDFCINBBXXX,27
HDFCINBBXXX,KKBKINBBXXX,27
INDBINBBBBI,HDFCINBBXXX,103
HDFCINBBXXX,INDBINBBBBI,103
ICICINBBCTS,HDFCINBBXXX,129
HDFCINBBXXX,ICICINBBCTS,129
CORPINBBXXX,HDFCINBBXXX,41
HDFCINBBXXX,CORPINBBXXX,41
UTIBINBBTCP,HDFCINBBXXX,103
HDFCINBBXXX,UTIBINBBTCP,103
UTIBINBBXXX,HDFCINBBXXX,27
HDFCINBBXXX,UTIBINBBXXX,27
IDIBINBBTSY,HDFCINBBXXX,78
HDFCINBBXXX,IDIBINBBTSY,78
BNPAFRPPXXX,HDFCINBBXXX,204
HDFCINBBXXX,BNPAFRPPXXX,204
KNABNL2HXXX,HDFCINBBXXX,134
HDFCINBBXXX,KNABNL2HXXX,134
MHCBJPJTXXX,HDFCINBBXXX,168
HDFCINBBXXX,MHCBJPJTXXX,168
ABNANL2AXXX,HDFCINBBXXX,141
HDFCINBBXXX,ABNANL2AXXX,141
DEUTDEBBXXX,HDFCINBBXXX,221
HDFCINBBXXX,DEUTDEBBXXX,221
MMTOJPJTXXX,HDFCINBBXXX,116
HDFCINBBXXX,MMTOJPJTXXX,116
NATAAU3302S,HDFCINBBXXX,66
HDFCINBBXXX,NATAAU3302S,66
BLKBCH22XXX,HDFCINBBXXX,88
HDFCINBBXXX,BLKBCH22XXX,88
CRESCHZZXXX,HDFCINBBXXX,195
HDFCINBBXXX,CRESCHZZXXX,195
CRLYFRPPXXX,HDFCINBBXXX,123
HDFCINBBXXX,CRLYFRPPXXX,123
AGRIFRPPXXX,HDFCINBBXXX,192
HDFCINBBXXX,AGRIFRPPXXX,192
HSBCGB2LXXX,HDFCINBBXXX,209
HDFCINBBXXX,HSBCGB2LXXX,209
ANZBAU3MXXX,HDFCINBBXXX,208
HDFCINBBXXX,ANZBAU3MXXX,208
BOTKJPJTXXX,HDFCINBBXXX,131
HDFCINBBXXX,BOTKJPJTXXX,131
BARCGB22XXX,HDFCINBBXXX,185
HDFCINBBXXX,BARCGB22XXX,185
SMBCJPJTXXX,HDFCINBBXXX,86
HDFCINBBXXX,SMBCJPJTXXX,86
CUSCAU2SXXX,HDFCINBBXXX,128
HDFCINBBXXX,CUSCAU2SXXX,128
WFBIUS6SXXX,HDFCINBBXXX,229
HDFCINBBXXX,WFBIUS6SXXX,229
ABOCCNBJXXX,HDFCINBBXXX,121
HDFCINBBXXX,ABOCCNBJXXX,121
BKCHCNBJXXX,HDFCINBBXXX,151
HDFCINBBXXX,BKCHCNBJXXX,151
HYVEDEMMXXX,HDFCINBBXXX,67
HDFCINBBXXX,HYVEDEMMXXX,67
HELADEF1RRS,HDFCINBBXXX,227
HDFCINBBXXX,HELADEF1RRS,227
BOFAUS3NXXX,HDFCINBBXXX,162
HDFCINBBXXX,BOFAUS3NXXX,162
BAFUCH22XXX,HDFCINBBXXX,82
HDFCINBBXXX,BAFUCH22XXX,82
CITIUS33XXX,HDFCINBBXXX,72
HDFCINBBXXX,CITIUS33XXX,72
CHASUS33XXX,HDFCINBBXXX,121
HDFCINBBXXX,CHASUS33XXX,121
UBSWCHZH80A,HDFCINBBXXX,80
HDFCINBBXXX,UBSWCHZH80A,80
CCBCCNBJXXX,HDFCINBBXXX,118
HDFCINBBXXX,CCBCCNBJXXX,118
RABONL2UXXX,HDFCINBBXXX,79
HDFCINBBXXX,RABONL2UXXX,79
RBOSGB2LXXX,HDFCINBBXXX,106
HDFCINBBXXX,RBOSGB2LXXX,106
SOGEFRPPXXX,HDFCINBBXXX,220
HDFCINBBXXX,SOGEFRPPXXX,220
MIDLGB22XXX,HDFCINBBXXX,224
HDFCINBBXXX,MIDLGB22XXX,224
COBADEFFXXX,HDFCINBBXXX,180
HDFCINBBXXX,COBADEFFXXX,180
WPACAU2SXXX,HDFCINBBXXX,148
HDFCINBBXXX,WPACAU2SXXX,148
INGBNL2AXXX,HDFCINBBXXX,124
HDFCINBBXXX,INGBNL2AXXX,124
PCBCCNBJXXX,HDFCINBBXXX,161
HDFCINBBXXX,PCBCCNBJXXX,161
RABOCHGGXXX,UBSWCHZH80A,106
UBSWCHZH80A,RABOCHGGXXX,106
BLKBCH22XXX,UBSWCHZH80A,57
UBSWCHZH80A,BLKBCH22XXX,57
CRESCHZZXXX,UBSWCHZH80A,96
UBSWCHZH80A,CRESCHZZXXX,96
BCVACH2LXXX,UBSWCHZH80A,76
UBSWCHZH80A,BCVACH2LXXX,76
BCVSCH2LXXX,UBSWCHZH80A,99
UBSWCHZH80A,BCVSCH2LXXX,99
BAFUCH22XXX,UBSWCHZH80A,64
UBSWCHZH80A,BAFUCH22XXX,64
ABBECHZZXXX,UBSWCHZH80A,55
UBSWCHZH80A,ABBECHZZXXX,55
BNPAFRPPXXX,UBSWCHZH80A,161
UBSWCHZH80A,BNPAFRPPXXX,161
KNABNL2HXXX,UBSWCHZH80A,212
UBSWCHZH80A,KNABNL2HXXX,212
MHCBJPJTXXX,UBSWCHZH80A,72
UBSWCHZH80A,MHCBJPJTXXX,72
ABNANL2AXXX,UBSWCHZH80A,187
UBSWCHZH80A,ABNANL2AXXX,187
DEUTDEBBXXX,UBSWCHZH80A,99
UBSWCHZH80A,DEUTDEBBXXX,99
MMTOJPJTXXX,UBSWCHZH80A,61
UBSWCHZH80A,MMTOJPJTXXX,61
NATAAU3302S,UBSWCHZH80A,67
UBSWCHZH80A,NATAAU3302S,67
CRLYFRPPXXX,UBSWCHZH80A,191
UBSWCHZH80A,CRLYFRPPXXX,191
AGRIFRPPXXX,UBSWCHZH80A,68
UBSWCHZH80A,AGRIFRPPXXX,68
HSBCGB2LXXX,UBSWCHZH80A,235
UBSWCHZH80A,HSBCGB2LXXX,235
SBININBBFXD,UBSWCHZH80A,113
UBSWCHZH80A,SBININBBFXD,113
ANZBAU3MXXX,UBSWCHZH80A,90
UBSWCHZH80A,ANZBAU3MXXX,90
BOTKJPJTXXX,UBSWCHZH80A,66
UBSWCHZH80A,BOTKJPJTXXX,66
BARCGB22XXX,UBSWCHZH80A,174
UBSWCHZH80A,BARCGB22XXX,174
SMBCJPJTXXX,UBSWCHZH80A,110
UBSWCHZH80A,SMBCJPJTXXX,110
CUSCAU2SXXX,UBSWCHZH80A,125
UBSWCHZH80A,CUSCAU2SXXX,125
ICICINBBCTS,UBSWCHZH80A,193
UBSWCHZH80A,ICICINBBCTS,193
WFBIUS6SXXX,UBSWCHZH80A,157
UBSWCHZH80A,WFBIUS6SXXX,157
ABOCCNBJXXX,UBSWCHZH80A,105
UBSWCHZH80A,ABOCCNBJXXX,105
BKCHCNBJXXX,UBSWCHZH80A,177
UBSWCHZH80A,BKCHCNBJXXX,177
HYVEDEMMXXX,UBSWCHZH80A,97
UBSWCHZH80A,HYVEDEMMXXX,97
HELADEF1RRS,UBSWCHZH80A,193
UBSWCHZH80A,HELADEF1RRS,193
BOFAUS3NXXX,UBSWCHZH80A,60
UBSWCHZH80A,BOFAUS3NXXX,60
UTIBINBBXXX,UBSWCHZH80A,198
UBSWCHZH80A,UTIBINBBXXX,198
CITIUS33XXX,UBSWCHZH80A,157
UBSWCHZH80A,CITIUS33XXX,157
CHASUS33XXX,UBSWCHZH80A,131
UBSWCHZH80A,CHASUS33XXX,131
HDFCINBBXXX,UBSWCHZH80A,147
UBSWCHZH80A,HDFCINBBXXX,147
CCBCCNBJXXX,UBSWCHZH80A,75
UBSWCHZH80A,CCBCCNBJXXX,75
RABONL2UXXX,UBSWCHZH80A,84
UBSWCHZH80A,RABONL2UXXX,84
RBOSGB2LXXX,UBSWCHZH80A,227
UBSWCHZH80A,RBOSGB2LXXX,227
SOGEFRPPXXX,UBSWCHZH80A,143
UBSWCHZH80A,SOGEFRPPXXX,143
MIDLGB22XXX,UBSWCHZH80A,185
UBSWCHZH80A,MIDLGB22XXX,185
COBADEFFXXX,UBSWCHZH80A,199
UBSWCHZH80A,COBADEFFXXX,199
WPACAU2SXXX,UBSWCHZH80A,155
UBSWCHZH80A,WPACAU2SXXX,155
INGBNL2AXXX,UBSWCHZH80A,131
UBSWCHZH80A,INGBNL2AXXX,131
PCBCCNBJXXX,UBSWCHZH80A,239
UBSWCHZH80A,PCBCCNBJXXX,239
CMBCCNBSXXX,CCBCCNBJXXX,74
CCBCCNBJXXX,CMBCCNBSXXX,74
INDCCNSHXXX,CCBCCNBJXXX,63
CCBCCNBJXXX,INDCCNSHXXX,63
UNIACNBJXXX,CCBCCNBJXXX,96
CCBCCNBJXXX,UNIACNBJXXX,96
CETCCNBJXXX,CCBCCNBJXXX,80
CCBCCNBJXXX,CETCCNBJXXX,80
PSBCCNBJXXX,CCBCCNBJXXX,59
CCBCCNBJXXX,PSBCCNBJXXX,59
ABOCCNBJXXX,CCBCCNBJXXX,11
CCBCCNBJXXX,ABOCCNBJXXX,11
BKCHCNBJXXX,CCBCCNBJXXX,100
CCBCCNBJXXX,BKCHCNBJXXX,100
BOCMCNBJXXX,CCBCCNBJXXX,63
CCBCCNBJXXX,BOCMCNBJXXX,63
PCBCCNBJXXX,CCBCCNBJXXX,88
CCBCCNBJXXX,PCBCCNBJXXX,88
BNPAFRPPXXX,CCBCCNBJXXX,65
CCBCCNBJXXX,BNPAFRPPXXX,65
KNABNL2HXXX,CCBCCNBJXXX,205
CCBCCNBJXXX,KNABNL2HXXX,205
MHCBJPJTXXX,CCBCCNBJXXX,130
CCBCCNBJXXX,MHCBJPJTXXX,130
ABNANL2AXXX,CCBCCNBJXXX,162
CCBCCNBJXXX,ABNANL2AXXX,162
DEUTDEBBXXX,CCBCCNBJXXX,70
CCBCCNBJXXX,DEUTDEBBXXX,70
MMTOJPJTXXX,CCBCCNBJXXX,66
CCBCCNBJXXX,MMTOJPJTXXX,66
NATAAU3302S,CCBCCNBJXXX,200
CCBCCNBJXXX,NATAAU3302S,200
BLKBCH22XXX,CCBCCNBJXXX,203
CCBCCNBJXXX,BLKBCH22XXX,203
CRESCHZZXXX,CCBCCNBJXXX,66
CCBCCNBJXXX,CRESCHZZXXX,66
CRLYFRPPXXX,CCBCCNBJXXX,157
CCBCCNBJXXX,CRLYFRPPXXX,157
AGRIFRPPXXX,CCBCCNBJXXX,119
CCBCCNBJXXX,AGRIFRPPXXX,119
HSBCGB2LXXX,CCBCCNBJXXX,137
CCBCCNBJXXX,HSBCGB2LXXX,137
SBININBBFXD,CCBCCNBJXXX,63
CCBCCNBJXXX,SBININBBFXD,63
ANZBAU3MXXX,CCBCCNBJXXX,134
CCBCCNBJXXX,ANZBAU3MXXX,134
BOTKJPJTXXX,CCBCCNBJXXX,161
CCBCCNBJXXX,BOTKJPJTXXX,161
BARCGB22XXX,CCBCCNBJXXX,231
CCBCCNBJXXX,BARCGB22XXX,231
SMBCJPJTXXX,CCBCCNBJXXX,218
CCBCCNBJXXX,SMBCJPJTXXX,218
CUSCAU2SXXX,CCBCCNBJXXX,106
CCBCCNBJXXX,CUSCAU2SXXX,106
ICICINBBCTS,CCBCCNBJXXX,189
CCBCCNBJXXX,ICICINBBCTS,189
WFBIUS6SXXX,CCBCCNBJXXX,132
CCBCCNBJXXX,WFBIUS6SXXX,132
HYVEDEMMXXX,CCBCCNBJXXX,177
CCBCCNBJXXX,HYVEDEMMXXX,177
HELADEF1RRS,CCBCCNBJXXX,187
CCBCCNBJXXX,HELADEF1RRS,187
BOFAUS3NXXX,CCBCCNBJXXX,228
CCBCCNBJXXX,BOFAUS3NXXX,228
BAFUCH22XXX,CCBCCNBJXXX,76
CCBCCNBJXXX,BAFUCH22XXX,76
UTIBINBBXXX,CCBCCNBJXXX,136
CCBCCNBJXXX,UTIBINBBXXX,136
CITIUS33XXX,CCBCCNBJXXX,152
CCBCCNBJXXX,CITIUS33XXX,152
CHASUS33XXX,CCBCCNBJXXX,150
CCBCCNBJXXX,CHASUS33XXX,150
HDFCINBBXXX,CCBCCNBJXXX,139
CCBCCNBJXXX,HDFCINBBXXX,139
UBSWCHZH80A,CCBCCNBJXXX,107
CCBCCNBJXXX,UBSWCHZH80A,107
RABONL2UXXX,CCBCCNBJXXX,230
CCBCCNBJXXX,RABONL2UXXX,230
RBOSGB2LXXX,CCBCCNBJXXX,75
CCBCCNBJXXX,RBOSGB2LXXX,75
SOGEFRPPXXX,CCBCCNBJXXX,112
CCBCCNBJXXX,SOGEFRPPXXX,112
MIDLGB22XXX,CCBCCNBJXXX,195
CCBCCNBJXXX,MIDLGB22XXX,195
COBADEFFXXX,CCBCCNBJXXX,145
CCBCCNBJXXX,COBADEFFXXX,145
WPACAU2SXXX,CCBCCNBJXXX,215
CCBCCNBJXXX,WPACAU2SXXX,215
INGBNL2AXXX,CCBCCNBJXXX,205
CCBCCNBJXXX,INGBNL2AXXX,205
FVLBNL22XXX,RABONL2UXXX,71
RABONL2UXXX,FVLBNL22XXX,71
KNABNL2HXXX,RABONL2UXXX,86
RABONL2UXXX,KNABNL2HXXX,86
ABNANL2AXXX,RABONL2UXXX,82
RABONL2UXXX,ABNANL2AXXX,82
SNSBNL2AXXX,RABONL2UXXX,75
RABONL2UXXX,SNSBNL2AXXX,75
TRIONL2UXXX,RABONL2UXXX,31
RABONL2UXXX,TRIONL2UXXX,31
NWABNL2GXXX,RABONL2UXXX,122
RABONL2UXXX,NWABNL2GXXX,122
RBRBNL21XXX,RABONL2UXXX,127
RABONL2UXXX,RBRBNL21XXX,127
ASNBNL21XXX,RABONL2UXXX,33
RABONL2UXXX,ASNBNL21XXX,33
INGBNL2AXXX,RABONL2UXXX,51
RABONL2UXXX,INGBNL2AXXX,51
BNPAFRPPXXX,RABONL2UXXX,157
RABONL2UXXX,BNPAFRPPXXX,157
MHCBJPJTXXX,RABONL2UXXX,86
RABONL2UXXX,MHCBJPJTXXX,86
DEUTDEBBXXX,RABONL2UXXX,98
RABONL2UXXX,DEUTDEBBXXX,98
MMTOJPJTXXX,RABONL2UXXX,203
RABONL2UXXX,MMTOJPJTXXX,203
NATAAU3302S,RABONL2UXXX,215
RABONL2UXXX,NATAAU3302S,215
BLKBCH22XXX,RABONL2UXXX,170
RABONL2UXXX,BLKBCH22XXX,170
CRESCHZZXXX,RABONL2UXXX,140
RABONL2UXXX,CRESCHZZXXX,140
CRLYFRPPXXX,RABONL2UXXX,162
RABONL2UXXX,CRLYFRPPXXX,162
AGRIFRPPXXX,RABONL2UXXX,158
RABONL2UXXX,AGRIFRPPXXX,158
HSBCGB2LXXX,RABONL2UXXX,156
RABONL2UXXX,HSBCGB2LXXX,156
SBININBBFXD,RABONL2UXXX,239
RABONL2UXXX,SBININBBFXD,239
ANZBAU3MXXX,RABONL2UXXX,70
RABONL2UXXX,ANZBAU3MXXX,70
BOTKJPJTXXX,RABONL2UXXX,65
RABONL2UXXX,BOTKJPJTXXX,65
BARCGB22XXX,RABONL2UXXX,138
RABONL2UXXX,BARCGB22XXX,138
SMBCJPJTXXX,RABONL2UXXX,118
RABONL2UXXX,SMBCJPJTXXX,118
CUSCAU2SXXX,RABONL2UXXX,236
RABONL2UXXX,CUSCAU2SXXX,236
ICICINBBCTS,RABONL2UXXX,153
RABONL2UXXX,ICICINBBCTS,153
WFBIUS6SXXX,RABONL2UXXX,170
RABONL2UXXX,WFBIUS6SXXX,170
ABOCCNBJXXX,RABONL2UXXX,190
RABONL2UXXX,ABOCCNBJXXX,190
BKCHCNBJXXX,RABONL2UXXX,239
RABONL2UXXX,BKCHCNBJXXX,239
HYVEDEMMXXX,RABONL2UXXX,145
RABONL2UXXX,HYVEDEMMXXX,145
HELADEF1RRS,RABONL2UXXX,155
RABONL2UXXX,HELADEF1RRS,155
BOFAUS3NXXX,RABONL2UXXX,150
RABONL2UXXX,BOFAUS3NXXX,150
BAFUCH22XXX,RABONL2UXXX,79
RABONL2UXXX,BAFUCH22XXX,79
UTIBINBBXXX,RABONL2UXXX,82
RABONL2UXXX,UTIBINBBXXX,82
CITIUS33XXX,RABONL2UXXX,68
RABONL2UXXX,CITIUS33XXX,68
CHASUS33XXX,RABONL2UXXX,111
RABONL2UXXX,CHASUS33XXX,111
HDFCINBBXXX,RABONL2UXXX,69
RABONL2UXXX,HDFCINBBXXX,69
UBSWCHZH80A,RABONL2UXXX,63
RABONL2UXXX,UBSWCHZH80A,63
CCBCCNBJXXX,RABONL2UXXX,146
RABONL2UXXX,CCBCCNBJXXX,146
RBOSGB2LXXX,RABONL2UXXX,130
RABONL2UXXX,RBOSGB2LXXX,130
SOGEFRPPXXX,RABONL2UXXX,161
RABONL2UXXX,SOGEFRPPXXX,161
MIDLGB22XXX,RABONL2UXXX,172
RABONL2UXXX,MIDLGB22XXX,172
COBADEFFXXX,RABONL2UXXX,169
RABONL2UXXX,COBADEFFXXX,169
WPACAU2SXXX,RABONL2UXXX,123
RABONL2UXXX,WPACAU2SXXX,123
PCBCCNBJXXX,RABONL2UXXX,147
RABONL2UXXX,PCBCCNBJXXX,147
BNPAGB22XXX,RBOSGB2LXXX,36
RBOSGB2LXXX,BNPAGB22XXX,36
SCBLGB2LXXX,RBOSGB2LXXX,106
RBOSGB2LXXX,SCBLGB2LXXX,106
HSBCGB2LXXX,RBOSGB2LXXX,16
RBOSGB2LXXX,HSBCGB2LXXX,16
AGRNGB2LXXX,RBOSGB2LXXX,102
RBOSGB2LXXX,AGRNGB2LXXX,102
LLOYGB2LXXX,RBOSGB2LXXX,49
RBOSGB2LXXX,LLOYGB2LXXX,49
BARCGB22XXX,RBOSGB2LXXX,15
RBOSGB2LXXX,BARCGB22XXX,15
NWBKGB2LXXX,RBOSGB2LXXX,109
RBOSGB2LXXX,NWBKGB2LXXX,109
MIDLGB22XXX,RBOSGB2LXXX,53
RBOSGB2LXXX,MIDLGB22XXX,53
JPMCGB2LXXX,RBOSGB2LXXX,68
RBOSGB2LXXX,JPMCGB2LXXX,68
BNPAFRPPXXX,RBOSGB2LXXX,85
RBOSGB2LXXX,BNPAFRPPXXX,85
KNABNL2HXXX,RBOSGB2LXXX,119
RBOSGB2LXXX,KNABNL2HXXX,119
MHCBJPJTXXX,RBOSGB2LXXX,240
RBOSGB2LXXX,MHCBJPJTXXX,240
ABNANL2AXXX,RBOSGB2LXXX,196
RBOSGB2LXXX,ABNANL2AXXX,196
DEUTDEBBXXX,RBOSGB2LXXX,69
RBOSGB2LXXX,DEUTDEBBXXX,69
MMTOJPJTXXX,RBOSGB2LXXX,239
RBOSGB2LXXX,MMTOJPJTXXX,239
NATAAU3302S,RBOSGB2LXXX,101
RBOSGB2LXXX,NATAAU3302S,101
BLKBCH22XXX,RBOSGB2LXXX,164
RBOSGB2LXXX,BLKBCH22XXX,164
CRESCHZZXXX,RBOSGB2LXXX,149
RBOSGB2LXXX,CRESCHZZXXX,149
CRLYFRPPXXX,RBOSGB2LXXX,121
RBOSGB2LXXX,CRLYFRPPXXX,121
AGRIFRPPXXX,RBOSGB2LXXX,187
RBOSGB2LXXX,AGRIFRPPXXX,187
SBININBBFXD,RBOSGB2LXXX,157
RBOSGB2LXXX,SBININBBFXD,157
ANZBAU3MXXX,RBOSGB2LXXX,172
RBOSGB2LXXX,ANZBAU3MXXX,172
BOTKJPJTXXX,RBOSGB2LXXX,196
RBOSGB2LXXX,BOTKJPJTXXX,196
SMBCJPJTXXX,RBOSGB2LXXX,161
RBOSGB2LXXX,SMBCJPJTXXX,161
CUSCAU2SXXX,RBOSGB2LXXX,78
RBOSGB2LXXX,CUSCAU2SXXX,78
ICICINBBCTS,RBOSGB2LXXX,85
RBOSGB2LXXX,ICICINBBCTS,85
WFBIUS6SXXX,RBOSGB2LXXX,81
RBOSGB2LXXX,WFBIUS6SXXX,81
ABOCCNBJXXX,RBOSGB2LXXX,191
RBOSGB2LXXX,ABOCCNBJXXX,191
BKCHCNBJXXX,RBOSGB2LXXX,195
RBOSGB2LXXX,BKCHCNBJXXX,195
HYVEDEMMXXX,RBOSGB2LXXX,145
RBOSGB2LXXX,HYVEDEMMXXX,145
HELADEF1RRS,RBOSGB2LXXX,98
RBOSGB2LXXX,HELADEF1RRS,98
BOFAUS3NXXX,RBOSGB2LXXX,234
RBOSGB2LXXX,BOFAUS3NXXX,234
BAFUCH22XXX,RBOSGB2LXXX,107
RBOSGB2LXXX,BAFUCH22XXX,107
UTIBINBBXXX,RBOSGB2LXXX,108
RBOSGB2LXXX,UTIBINBBXXX,108
CITIUS33XXX,RBOSGB2LXXX,191
RBOSGB2LXXX,CITIUS33XXX,191
CHASUS33XXX,RBOSGB2LXXX,166
RBOSGB2LXXX,CHASUS33XXX,166
HDFCINBBXXX,RBOSGB2LXXX,116
RBOSGB2LXXX,HDFCINBBXXX,116
UBSWCHZH80A,RBOSGB2LXXX,159
RBOSGB2LXXX,UBSWCHZH80A,159
CCBCCNBJXXX,RBOSGB2LXXX,231
RBOSGB2LXXX,CCBCCNBJXXX,231
RABONL2UXXX,RBOSGB2LXXX,203
RBOSGB2LXXX,RABONL2UXXX,203
SOGEFRPPXXX,RBOSGB2LXXX,184
RBOSGB2LXXX,SOGEFRPPXXX,184
COBADEFFXXX,RBOSGB2LXXX,109
RBOSGB2LXXX,COBADEFFXXX,109
WPACAU2SXXX,RBOSGB2LXXX,203
RBOSGB2LXXX,WPACAU2SXXX,203
INGBNL2AXXX,RBOSGB2LXXX,140
RBOSGB2LXXX,INGBNL2AXXX,140
PCBCCNBJXXX,RBOSGB2LXXX,119
RBOSGB2LXXX,PCBCCNBJXXX,119
BNPAFRPPXXX,SOGEFRPPXXX,105
SOGEFRPPXXX,BNPAFRPPXXX,105
CICIFRPPXXX,SOGEFRPPXXX,91
SOGEFRPPXXX,CICIFRPPXXX,91
CCBPFRPPXXX,SOGEFRPPXXX,119
SOGEFRPPXXX,CCBPFRPPXXX,119
CRLYFRPPXXX,SOGEFRPPXXX,43
SOGEFRPPXXX,CRLYFRPPXXX,43
AGRIFRPPXXX,SOGEFRPPXXX,11
SOGEFRPPXXX,AGRIFRPPXXX,11
BBVAFRPPXXX,SOGEFRPPXXX,83
SOGEFRPPXXX,BBVAFRPPXXX,83
CMADFRPPXXX,SOGEFRPPXXX,109
SOGEFRPPXXX,CMADFRPPXXX,109
CALDFR21XXX,SOGEFRPPXXX,87
SOGEFRPPXXX,CALDFR21XXX,87
CITIFRPPXXX,SOGEFRPPXXX,53
SOGEFRPPXXX,CITIFRPPXXX,53
KNABNL2HXXX,SOGEFRPPXXX,128
SOGEFRPPXXX,KNABNL2HXXX,128
MHCBJPJTXXX,SOGEFRPPXXX,194
SOGEFRPPXXX,MHCBJPJTXXX,194
ABNANL2AXXX,SOGEFRPPXXX,151
SOGEFRPPXXX,ABNANL2AXXX,151
DEUTDEBBXXX,SOGEFRPPXXX,150
SOGEFRPPXXX,DEUTDEBBXXX,150
MMTOJPJTXXX,SOGEFRPPXXX,144
SOGEFRPPXXX,MMTOJPJTXXX,144
NATAAU3302S,SOGEFRPPXXX,105
SOGEFRPPXXX,NATAAU3302S,105
BLKBCH22XXX,SOGEFRPPXXX,235
SOGEFRPPXXX,BLKBCH22XXX,235
CRESCHZZXXX,SOGEFRPPXXX,182
SOGEFRPPXXX,CRESCHZZXXX,182
HSBCGB2LXXX,SOGEFRPPXXX,98
SOGEFRPPXXX,HSBCGB2LXXX,98
SBININBBFXD,SOGEFRPPXXX,102
SOGEFRPPXXX,SBININBBFXD,102
ANZBAU3MXXX,SOGEFRPPXXX,230
SOGEFRPPXXX,ANZBAU3MXXX,230
BOTKJPJTXXX,SOGEFRPPXXX,230
SOGEFRPPXXX,BOTKJPJTXXX,230
BARCGB22XXX,SOGEFRPPXXX,209
SOGEFRPPXXX,BARCGB22XXX,209
SMBCJPJTXXX,SOGEFRPPXXX,106
SOGEFRPPXXX,SMBCJPJTXXX,106
CUSCAU2SXXX,SOGEFRPPXXX,148
SOGEFRPPXXX,CUSCAU2SXXX,148
ICICINBBCTS,SOGEFRPPXXX,199
SOGEFRPPXXX,ICICINBBCTS,199
WFBIUS6SXXX,SOGEFRPPXXX,69
SOGEFRPPXXX,WFBIUS6SXXX,69
ABOCCNBJXXX,SOGEFRPPXXX,92
SOGEFRPPXXX,ABOCCNBJXXX,92
BKCHCNBJXXX,SOGEFRPPXXX,68
SOGEFRPPXXX,BKCHCNBJXXX,68
HYVEDEMMXXX,SOGEFRPPXXX,212
SOGEFRPPXXX,HYVEDEMMXXX,212
HELADEF1RRS,SOGEFRPPXXX,173
SOGEFRPPXXX,HELADEF1RRS,173
BOFAUS3NXXX,SOGEFRPPXXX,128
SOGEFRPPXXX,BOFAUS3NXXX,128
BAFUCH22XXX,SOGEFRPPXXX,174
SOGEFRPPXXX,BAFUCH22XXX,174
UTIBINBBXXX,SOGEFRPPXXX,114
SOGEFRPPXXX,UTIBINBBXXX,114
CITIUS33XXX,SOGEFRPPXXX,111
SOGEFRPPXXX,CITIUS33XXX,111
CHASUS33XXX,SOGEFRPPXXX,224
SOGEFRPPXXX,CHASUS33XXX,224
HDFCINBBXXX,SOGEFRPPXXX,117
SOGEFRPPXXX,HDFCINBBXXX,117
UBSWCHZH80A,SOGEFRPPXXX,221
SOGEFRPPXXX,UBSWCHZH80A,221
CCBCCNBJXXX,SOGEFRPPXXX,191
SOGEFRPPXXX,CCBCCNBJXXX,191
RABONL2UXXX,SOGEFRPPXXX,233
SOGEFRPPXXX,RABONL2UXXX,233
RBOSGB2LXXX,SOGEFRPPXXX,106
SOGEFRPPXXX,RBOSGB2LXXX,106
MIDLGB22XXX,SOGEFRPPXXX,79
SOGEFRPPXXX,MIDLGB22XXX,79
COBADEFFXXX,SOGEFRPPXXX,186
SOGEFRPPXXX,COBADEFFXXX,186
WPACAU2SXXX,SOGEFRPPXXX,197
SOGEFRPPXXX,WPACAU2SXXX,197
INGBNL2AXXX,SOGEFRPPXXX,170
SOGEFRPPXXX,INGBNL2AXXX,170
PCBCCNBJXXX,SOGEFRPPXXX,89
SOGEFRPPXXX,PCBCCNBJXXX,89
BNPAGB22XXX,MIDLGB22XXX,11
MIDLGB22XXX,BNPAGB22XXX,11
SCBLGB2LXXX,MIDLGB22XXX,80
MIDLGB22XXX,SCBLGB2LXXX,80
HSBCGB2LXXX,MIDLGB22XXX,112
MIDLGB22XXX,HSBCGB2LXXX,112
AGRNGB2LXXX,MIDLGB22XXX,37
MIDLGB22XXX,AGRNGB2LXXX,37
LLOYGB2LXXX,MIDLGB22XXX,108
MIDLGB22XXX,LLOYGB2LXXX,108
BARCGB22XXX,MIDLGB22XXX,105
MIDLGB22XXX,BARCGB22XXX,105
NWBKGB2LXXX,MIDLGB22XXX,30
MIDLGB22XXX,NWBKGB2LXXX,30
RBOSGB2LXXX,MIDLGB22XXX,87
MIDLGB22XXX,RBOSGB2LXXX,87
JPMCGB2LXXX,MIDLGB22XXX,15
MIDLGB22XXX,JPMCGB2LXXX,15
BNPAFRPPXXX,MIDLGB22XXX,178
MIDLGB22XXX,BNPAFRPPXXX,178
KNABNL2HXXX,MIDLGB22XXX,134
MIDLGB22XXX,KNABNL2HXXX,134
MHCBJPJTXXX,MIDLGB22XXX,77
MIDLGB22XXX,MHCBJPJTXXX,77
ABNANL2AXXX,MIDLGB22XXX,211
MIDLGB22XXX,ABNANL2AXXX,211
DEUTDEBBXXX,MIDLGB22XXX,143
MIDLGB22XXX,DEUTDEBBXXX,143
MMTOJPJTXXX,MIDLGB22XXX,230
MIDLGB22XXX,MMTOJPJTXXX,230
NATAAU3302S,MIDLGB22XXX,143
MIDLGB22XXX,NATAAU3302S,143
BLKBCH22XXX,MIDLGB22XXX,211
MIDLGB22XXX,BLKBCH22XXX,211
CRESCHZZXXX,MIDLGB22XXX,163
MIDLGB22XXX,CRESCHZZXXX,163
CRLYFRPPXXX,MIDLGB22XXX,198
MIDLGB22XXX,CRLYFRPPXXX,198
AGRIFRPPXXX,MIDLGB22XXX,82
MIDLGB22XXX,AGRIFRPPXXX,82
SBININBBFXD,MIDLGB22XXX,147
MIDLGB22XXX,SBININBBFXD,147
ANZBAU3MXXX,MIDLGB22XXX,74
MIDLGB22XXX,ANZBAU3MXXX,74
BOTKJPJTXXX,MIDLGB22XXX,62
MIDLGB22XXX,BOTKJPJTXXX,62
SMBCJPJTXXX,MIDLGB22XXX,98
MIDLGB22XXX,SMBCJPJTXXX,98
CUSCAU2SXXX,MIDLGB22XXX,66
MIDLGB22XXX,CUSCAU2SXXX,66
ICICINBBCTS,MIDLGB22XXX,108
MIDLGB22XXX,ICICINBBCTS,108
WFBIUS6SXXX,MIDLGB22XXX,118
MIDLGB22XXX,WFBIUS6SXXX,118
ABOCCNBJXXX,MIDLGB22XXX,193
MIDLGB22XXX,ABOCCNBJXXX,193
BKCHCNBJXXX,MIDLGB22XXX,65
MIDLGB22XXX,BKCHCNBJXXX,65
HYVEDEMMXXX,MIDLGB22XXX,228
MIDLGB22XXX,HYVEDEMMXXX,228
HELADEF1RRS,MIDLGB22XXX,222
MIDLGB22XXX,HELADEF1RRS,222
BOFAUS3NXXX,MIDLGB22XXX,67
MIDLGB22XXX,BOFAUS3NXXX,67
BAFUCH22XXX,MIDLGB22XXX,152
MIDLGB22XXX,BAFUCH22XXX,152
UTIBINBBXXX,MIDLGB22XXX,194
MIDLGB22XXX,UTIBINBBXXX,194
CITIUS33XXX,MIDLGB22XXX,108
MIDLGB22XXX,CITIUS33XXX,108
CHASUS33XXX,MIDLGB22XXX,119
MIDLGB22XXX,CHASUS33XXX,119
HDFCINBBXXX,MIDLGB22XXX,156
MIDLGB22XXX,HDFCINBBXXX,156
UBSWCHZH80A,MIDLGB22XXX,138
MIDLGB22XXX,UBSWCHZH80A,138
CCBCCNBJXXX,MIDLGB22XXX,235
MIDLGB22XXX,CCBCCNBJXXX,235
RABONL2UXXX,MIDLGB22XXX,164
MIDLGB22XXX,RABONL2UXXX,164
SOGEFRPPXXX,MIDLGB22XXX,76
MIDLGB22XXX,SOGEFRPPXXX,76
COBADEFFXXX,MIDLGB22XXX,129
MIDLGB22XXX,COBADEFFXXX,129
WPACAU2SXXX,MIDLGB22XXX,182
MIDLGB22XXX,WPACAU2SXXX,182
INGBNL2AXXX,MIDLGB22XXX,227
MIDLGB22XXX,INGBNL2AXXX,227
PCBCCNBJXXX,MIDLGB22XXX,212
MIDLGB22XXX,PCBCCNBJXXX,212
DEUTDEBBXXX,COBADEFFXXX,85
COBADEFFXXX,DEUTDEBBXXX,85
RVSADE77XXX,COBADEFFXXX,56
COBADEFFXXX,RVSADE77XXX,56
MARBDE6LXXX,COBADEFFXXX,92
COBADEFFXXX,MARBDE6LXXX,92
HYVEDEMMXXX,COBADEFFXXX,33
COBADEFFXXX,HYVEDEMMXXX,33
HELADEF1RRS,COBADEFFXXX,28
COBADEFFXXX,HELADEF1RRS,28
DRESDEFFXXX,COBADEFFXXX,107
COBADEFFXXX,DRESDEFFXXX,107
GENODEFFXXX,COBADEFFXXX,92
COBADEFFXXX,GENODEFFXXX,92
MALADE51XXX,COBADEFFXXX,37
COBADEFFXXX,MALADE51XXX,37
INGBDEFFXXX,COBADEFFXXX,109
COBADEFFXXX,INGBDEFFXXX,109
BNPAFRPPXXX,COBADEFFXXX,221
COBADEFFXXX,BNPAFRPPXXX,221
KNABNL2HXXX,COBADEFFXXX,108
COBADEFFXXX,KNABNL2HXXX,108
MHCBJPJTXXX,COBADEFFXXX,76
COBADEFFXXX,MHCBJPJTXXX,76
ABNANL2AXXX,COBADEFFXXX,98
COBADEFFXXX,ABNANL2AXXX,98
MMTOJPJTXXX,COBADEFFXXX,60
COBADEFFXXX,MMTOJPJTXXX,60
NATAAU3302S,COBADEFFXXX,81
COBADEFFXXX,NATAAU3302S,81
BLKBCH22XXX,COBADEFFXXX,86
COBADEFFXXX,BLKBCH22XXX,86
CRESCHZZXXX,COBADEFFXXX,223
COBADEFFXXX,CRESCHZZXXX,223
CRLYFRPPXXX,COBADEFFXXX,88
COBADEFFXXX,CRLYFRPPXXX,88
AGRIFRPPXXX,COBADEFFXXX,179
COBADEFFXXX,AGRIFRPPXXX,179
HSBCGB2LXXX,COBADEFFXXX,177
COBADEFFXXX,HSBCGB2LXXX,177
SBININBBFXD,COBADEFFXXX,137
COBADEFFXXX,SBININBBFXD,137
ANZBAU3MXXX,COBADEFFXXX,238
COBADEFFXXX,ANZBAU3MXXX,238
BOTKJPJTXXX,COBADEFFXXX,92
COBADEFFXXX,BOTKJPJTXXX,92
BARCGB22XXX,COBADEFFXXX,216
COBADEFFXXX,BARCGB22XXX,216
SMBCJPJTXXX,COBADEFFXXX,232
COBADEFFXXX,SMBCJPJTXXX,232
CUSCAU2SXXX,COBADEFFXXX,197
COBADEFFXXX,CUSCAU2SXXX,197
ICICINBBCTS,COBADEFFXXX,232
COBADEFFXXX,ICICINBBCTS,232
WFBIUS6SXXX,COBADEFFXXX,120
COBADEFFXXX,WFBIUS6SXXX,120
ABOCCNBJXXX,COBADEFFXXX,139
COBADEFFXXX,ABOCCNBJXXX,139
BKCHCNBJXXX,COBADEFFXXX,219
COBADEFFXXX,BKCHCNBJXXX,219
BOFAUS3NXXX,COBADEFFXXX,92
COBADEFFXXX,BOFAUS3NXXX,92
BAFUCH22XXX,COBADEFFXXX,70
COBADEFFXXX,BAFUCH22XXX,70
UTIBINBBXXX,COBADEFFXXX,108
COBADEFFXXX,UTIBINBBXXX,108
CITIUS33XXX,COBADEFFXXX,216
COBADEFFXXX,CITIUS33XXX,216
CHASUS33XXX,COBADEFFXXX,106
COBADEFFXXX,CHASUS33XXX,106
HDFCINBBXXX,COBADEFFXXX,135
COBADEFFXXX,HDFCINBBXXX,135
UBSWCHZH80A,COBADEFFXXX,180
COBADEFFXXX,UBSWCHZH80A,180
CCBCCNBJXXX,COBADEFFXXX,229
COBADEFFXXX,CCBCCNBJXXX,229
RABONL2UXXX,COBADEFFXXX,177
COBADEFFXXX,RABONL2UXXX,177
RBOSGB2LXXX,COBADEFFXXX,148
COBADEFFXXX,RBOSGB2LXXX,148
SOGEFRPPXXX,COBADEFFXXX,210
COBADEFFXXX,SOGEFRPPXXX,210
MIDLGB22XXX,COBADEFFXXX,225
COBADEFFXXX,MIDLGB22XXX,225
WPACAU2SXXX,COBADEFFXXX,164
COBADEFFXXX,WPACAU2SXXX,164
INGBNL2AXXX,COBADEFFXXX,68
COBADEFFXXX,INGBNL2AXXX,68
PCBCCNBJXXX,COBADEFFXXX,226
COBADEFFXXX,PCBCCNBJXXX,226
BENDAU3BXXX,WPACAU2SXXX,94
WPACAU2SXXX,BENDAU3BXXX,94
SGBLAU2SXXX,WPACAU2SXXX,33
WPACAU2SXXX,SGBLAU2SXXX,33
RBOSAU2SXXX,WPACAU2SXXX,109
WPACAU2SXXX,RBOSAU2SXXX,109
NATAAU3302S,WPACAU2SXXX,113
WPACAU2SXXX,NATAAU3302S,113
ANZBAU3MXXX,WPACAU2SXXX,112
WPACAU2SXXX,ANZBAU3MXXX,112
CUSCAU2SXXX,WPACAU2SXXX,66
WPACAU2SXXX,CUSCAU2SXXX,66
HSBCAU2SXXX,WPACAU2SXXX,44
WPACAU2SXXX,HSBCAU2SXXX,44
QSNWAU4BXXX,WPACAU2SXXX,110
WPACAU2SXXX,QSNWAU4BXXX,110
BKWAAU4SXXX,WPACAU2SXXX,88
WPACAU2SXXX,BKWAAU4SXXX,88
BNPAFRPPXXX,WPACAU2SXXX,87
WPACAU2SXXX,BNPAFRPPXXX,87
KNABNL2HXXX,WPACAU2SXXX,201
WPACAU2SXXX,KNABNL2HXXX,201
MHCBJPJTXXX,WPACAU2SXXX,134
WPACAU2SXXX,MHCBJPJTXXX,134
ABNANL2AXXX,WPACAU2SXXX,78
WPACAU2SXXX,ABNANL2AXXX,78
DEUTDEBBXXX,WPACAU2SXXX,81
WPACAU2SXXX,DEUTDEBBXXX,81
MMTOJPJTXXX,WPACAU2SXXX,213
WPACAU2SXXX,MMTOJPJTXXX,213
BLKBCH22XXX,WPACAU2SXXX,238
WPACAU2SXXX,BLKBCH22XXX,238
CRESCHZZXXX,WPACAU2SXXX,113
WPACAU2SXXX,CRESCHZZXXX,113
CRLYFRPPXXX,WPACAU2SXXX,224
WPACAU2SXXX,CRLYFRPPXXX,224
AGRIFRPPXXX,WPACAU2SXXX,105
WPACAU2SXXX,AGRIFRPPXXX,105
HSBCGB2LXXX,WPACAU2SXXX,88
WPACAU2SXXX,HSBCGB2LXXX,88
SBININBBFXD,WPACAU2SXXX,89
WPACAU2SXXX,SBININBBFXD,89
BOTKJPJTXXX,WPACAU2SXXX,181
WPACAU2SXXX,BOTKJPJTXXX,181
BARCGB22XXX,WPACAU2SXXX,209
WPACAU2SXXX,BARCGB22XXX,209
SMBCJPJTXXX,WPACAU2SXXX,78
WPACAU2SXXX,SMBCJPJTXXX,78
ICICINBBCTS,WPACAU2SXXX,117
WPACAU2SXXX,ICICINBBCTS,117
WFBIUS6SXXX,WPACAU2SXXX,117
WPACAU2SXXX,WFBIUS6SXXX,117
ABOCCNBJXXX,WPACAU2SXXX,228
WPACAU2SXXX,ABOCCNBJXXX,228
BKCHCNBJXXX,WPACAU2SXXX,102
WPACAU2SXXX,BKCHCNBJXXX,102
HYVEDEMMXXX,WPACAU2SXXX,222
WPACAU2SXXX,HYVEDEMMXXX,222
HELADEF1RRS,WPACAU2SXXX,236
WPACAU2SXXX,HELADEF1RRS,236
BOFAUS3NXXX,WPACAU2SXXX,87
WPACAU2SXXX,BOFAUS3NXXX,87
BAFUCH22XXX,WPACAU2SXXX,167
WPACAU2SXXX,BAFUCH22XXX,167
UTIBINBBXXX,WPACAU2SXXX,90
WPACAU2SXXX,UTIBINBBXXX,90
CITIUS33XXX,WPACAU2SXXX,236
WPACAU2SXXX,CITIUS33XXX,236
CHASUS33XXX,WPACAU2SXXX,142
WPACAU2SXXX,CHASUS33XXX,142
HDFCINBBXXX,WPACAU2SXXX,62
WPACAU2SXXX,HDFCINBBXXX,62
UBSWCHZH80A,WPACAU2SXXX,140
WPACAU2SXXX,UBSWCHZH80A,140
CCBCCNBJXXX,WPACAU2SXXX,194
WPACAU2SXXX,CCBCCNBJXXX,194
RABONL2UXXX,WPACAU2SXXX,213
WPACAU2SXXX,RABONL2UXXX,213
RBOSGB2LXXX,WPACAU2SXXX,77
WPACAU2SXXX,RBOSGB2LXXX,77
SOGEFRPPXXX,WPACAU2SXXX,221
WPACAU2SXXX,SOGEFRPPXXX,221
MIDLGB22XXX,WPACAU2SXXX,174
WPACAU2SXXX,MIDLGB22XXX,174
COBADEFFXXX,WPACAU2SXXX,151
WPACAU2SXXX,COBADEFFXXX,151
INGBNL2AXXX,WPACAU2SXXX,240
WPACAU2SXXX,INGBNL2AXXX,240
PCBCCNBJXXX,WPACAU2SXXX,195
WPACAU2SXXX,PCBCCNBJXXX,195
FVLBNL22XXX,INGBNL2AXXX,53
INGBNL2AXXX,FVLBNL22XXX,53
KNABNL2HXXX,INGBNL2AXXX,128
INGBNL2AXXX,KNABNL2HXXX,128
ABNANL2AXXX,INGBNL2AXXX,15
INGBNL2AXXX,ABNANL2AXXX,15
SNSBNL2AXXX,INGBNL2AXXX,41
INGBNL2AXXX,SNSBNL2AXXX,41
TRIONL2UXXX,INGBNL2AXXX,38
INGBNL2AXXX,TRIONL2UXXX,38
NWABNL2GXXX,INGBNL2AXXX,34
INGBNL2AXXX,NWABNL2GXXX,34
RABONL2UXXX,INGBNL2AXXX,61
INGBNL2AXXX,RABONL2UXXX,61
RBRBNL21XXX,INGBNL2AXXX,119
INGBNL2AXXX,RBRBNL21XXX,119
ASNBNL21XXX,INGBNL2AXXX,13
INGBNL2AXXX,ASNBNL21XXX,13
BNPAFRPPXXX,INGBNL2AXXX,155
INGBNL2AXXX,BNPAFRPPXXX,155
MHCBJPJTXXX,INGBNL2AXXX,100
INGBNL2AXXX,MHCBJPJTXXX,100
DEUTDEBBXXX,INGBNL2AXXX,122
INGBNL2AXXX,DEUTDEBBXXX,122
MMTOJPJTXXX,INGBNL2AXXX,143
INGBNL2AXXX,MMTOJPJTXXX,143
NATAAU3302S,INGBNL2AXXX,142
INGBNL2AXXX,NATAAU3302S,142
BLKBCH22XXX,INGBNL2AXXX,104
INGBNL2AXXX,BLKBCH22XXX,104
CRESCHZZXXX,INGBNL2AXXX,138
INGBNL2AXXX,CRESCHZZXXX,138
CRLYFRPPXXX,INGBNL2AXXX,170
INGBNL2AXXX,CRLYFRPPXXX,170
AGRIFRPPXXX,INGBNL2AXXX,212
INGBNL2AXXX,AGRIFRPPXXX,212
HSBCGB2LXXX,INGBNL2AXXX,168
INGBNL2AXXX,HSBCGB2LXXX,168
SBININBBFXD,INGBNL2AXXX,166
INGBNL2AXXX,SBININBBFXD,166
ANZBAU3MXXX,INGBNL2AXXX,113
INGBNL2AXXX,ANZBAU3MXXX,113
BOTKJPJTXXX,INGBNL2AXXX,171
INGBNL2AXXX,BOTKJPJTXXX,171
BARCGB22XXX,INGBNL2AXXX,66
INGBNL2AXXX,BARCGB22XXX,66
SMBCJPJTXXX,INGBNL2AXXX,66
INGBNL2AXXX,SMBCJPJTXXX,66
CUSCAU2SXXX,INGBNL2AXXX,143
INGBNL2AXXX,CUSCAU2SXXX,143
ICICINBBCTS,INGBNL2AXXX,83
INGBNL2AXXX,ICICINBBCTS,83
WFBIUS6SXXX,INGBNL2AXXX,228
INGBNL2AXXX,WFBIUS6SXXX,228
ABOCCNBJXXX,INGBNL2AXXX,76
INGBNL2AXXX,ABOCCNBJXXX,76
BKCHCNBJXXX,INGBNL2AXXX,175
INGBNL2AXXX,BKCHCNBJXXX,175
HYVEDEMMXXX,INGBNL2AXXX,227
INGBNL2AXXX,HYVEDEMMXXX,227
HELADEF1RRS,INGBNL2AXXX,212
INGBNL2AXXX,HELADEF1RRS,212
BOFAUS3NXXX,INGBNL2AXXX,240
INGBNL2AXXX,BOFAUS3NXXX,240
BAFUCH22XXX,INGBNL2AXXX,224
INGBNL2AXXX,BAFUCH22XXX,224
UTIBINBBXXX,INGBNL2AXXX,220
INGBNL2AXXX,UTIBINBBXXX,220
CITIUS33XXX,INGBNL2AXXX,106
INGBNL2AXXX,CITIUS33XXX,106
CHASUS33XXX,INGBNL2AXXX,86
INGBNL2AXXX,CHASUS33XXX,86
HDFCINBBXXX,INGBNL2AXXX,76
INGBNL2AXXX,HDFCINBBXXX,76
UBSWCHZH80A,INGBNL2AXXX,184
INGBNL2AXXX,UBSWCHZH80A,184
CCBCCNBJXXX,INGBNL2AXXX,68
INGBNL2AXXX,CCBCCNBJXXX,68
RBOSGB2LXXX,INGBNL2AXXX,81
INGBNL2AXXX,RBOSGB2LXXX,81
SOGEFRPPXXX,INGBNL2AXXX,99
INGBNL2AXXX,SOGEFRPPXXX,99
MIDLGB22XXX,INGBNL2AXXX,109
INGBNL2AXXX,MIDLGB22XXX,109
COBADEFFXXX,INGBNL2AXXX,144
INGBNL2AXXX,COBADEFFXXX,144
WPACAU2SXXX,INGBNL2AXXX,182
INGBNL2AXXX,WPACAU2SXXX,182
PCBCCNBJXXX,INGBNL2AXXX,191
INGBNL2AXXX,PCBCCNBJXXX,191
CMBCCNBSXXX,PCBCCNBJXXX,96
PCBCCNBJXXX,CMBCCNBSXXX,96
INDCCNSHXXX,PCBCCNBJXXX,23
PCBCCNBJXXX,INDCCNSHXXX,23
UNIACNBJXXX,PCBCCNBJXXX,51
PCBCCNBJXXX,UNIACNBJXXX,51
CETCCNBJXXX,PCBCCNBJXXX,76
PCBCCNBJXXX,CETCCNBJXXX,76
PSBCCNBJXXX,PCBCCNBJXXX,96
PCBCCNBJXXX,PSBCCNBJXXX,96
ABOCCNBJXXX,PCBCCNBJXXX,122
PCBCCNBJXXX,ABOCCNBJXXX,122
BKCHCNBJXXX,PCBCCNBJXXX,112
PCBCCNBJXXX,BKCHCNBJXXX,112
CCBCCNBJXXX,PCBCCNBJXXX,50
PCBCCNBJXXX,CCBCCNBJXXX,50
BOCMCNBJXXX,PCBCCNBJXXX,126
PCBCCNBJXXX,BOCMCNBJXXX,126
BNPAFRPPXXX,PCBCCNBJXXX,220
PCBCCNBJXXX,BNPAFRPPXXX,220
KNABNL2HXXX,PCBCCNBJXXX,203
PCBCCNBJXXX,KNABNL2HXXX,203
MHCBJPJTXXX,PCBCCNBJXXX,77
PCBCCNBJXXX,MHCBJPJTXXX,77
ABNANL2AXXX,PCBCCNBJXXX,207
PCBCCNBJXXX,ABNANL2AXXX,207
DEUTDEBBXXX,PCBCCNBJXXX,220
PCBCCNBJXXX,DEUTDEBBXXX,220
MMTOJPJTXXX,PCBCCNBJXXX,193
PCBCCNBJXXX,MMTOJPJTXXX,193
NATAAU3302S,PCBCCNBJXXX,194
PCBCCNBJXXX,NATAAU3302S,194
BLKBCH22XXX,PCBCCNBJXXX,191
PCBCCNBJXXX,BLKBCH22XXX,191
CRESCHZZXXX,PCBCCNBJXXX,192
PCBCCNBJXXX,CRESCHZZXXX,192
CRLYFRPPXXX,PCBCCNBJXXX,178
PCBCCNBJXXX,CRLYFRPPXXX,178
AGRIFRPPXXX,PCBCCNBJXXX,171
PCBCCNBJXXX,AGRIFRPPXXX,171
HSBCGB2LXXX,PCBCCNBJXXX,239
PCBCCNBJXXX,HSBCGB2LXXX,239
SBININBBFXD,PCBCCNBJXXX,204
PCBCCNBJXXX,SBININBBFXD,204
ANZBAU3MXXX,PCBCCNBJXXX,187
PCBCCNBJXXX,ANZBAU3MXXX,187
BOTKJPJTXXX,PCBCCNBJXXX,182
PCBCCNBJXXX,BOTKJPJTXXX,182
BARCGB22XXX,PCBCCNBJXXX,213
PCBCCNBJXXX,BARCGB22XXX,213
SMBCJPJTXXX,PCBCCNBJXXX,209
PCBCCNBJXXX,SMBCJPJTXXX,209
CUSCAU2SXXX,PCBCCNBJXXX,221
PCBCCNBJXXX,CUSCAU2SXXX,221
ICICINBBCTS,PCBCCNBJXXX,81
PCBCCNBJXXX,ICICINBBCTS,81
WFBIUS6SXXX,PCBCCNBJXXX,112
PCBCCNBJXXX,WFBIUS6SXXX,112
HYVEDEMMXXX,PCBCCNBJXXX,163
PCBCCNBJXXX,HYVEDEMMXXX,163
HELADEF1RRS,PCBCCNBJXXX,213
PCBCCNBJXXX,HELADEF1RRS,213
BOFAUS3NXXX,PCBCCNBJXXX,60
PCBCCNBJXXX,BOFAUS3NXXX,60
BAFUCH22XXX,PCBCCNBJXXX,184
PCBCCNBJXXX,BAFUCH22XXX,184
UTIBINBBXXX,PCBCCNBJXXX,93
PCBCCNBJXXX,UTIBINBBXXX,93
CITIUS33XXX,PCBCCNBJXXX,160
PCBCCNBJXXX,CITIUS33XXX,160
CHASUS33XXX,PCBCCNBJXXX,133
PCBCCNBJXXX,CHASUS33XXX,133
HDFCINBBXXX,PCBCCNBJXXX,80
PCBCCNBJXXX,HDFCINBBXXX,80
UBSWCHZH80A,PCBCCNBJXXX,132
PCBCCNBJXXX,UBSWCHZH80A,132
RABONL2UXXX,PCBCCNBJXXX,193
PCBCCNBJXXX,RABONL2UXXX,193
RBOSGB2LXXX,PCBCCNBJXXX,73
PCBCCNBJXXX,RBOSGB2LXXX,73
SOGEFRPPXXX,PCBCCNBJXXX,111
PCBCCNBJXXX,SOGEFRPPXXX,111
MIDLGB22XXX,PCBCCNBJXXX,155
PCBCCNBJXXX,MIDLGB22XXX,155
COBADEFFXXX,PCBCCNBJXXX,90
PCBCCNBJXXX,COBADEFFXXX,90
WPACAU2SXXX,PCBCCNBJXXX,78
PCBCCNBJXXX,WPACAU2SXXX,78
INGBNL2AXXX,PCBCCNBJXXX,135
PCBCCNBJXXX,INGBNL2AXXX,135
